"X","date","stringencyIndex","mean.stringencyIndex.week","stringencyPHM","mean.stringencyPHM.week"
1,"2020-03-01",0,0,0,0
2,"2020-03-02",0,0,0,0
3,"2020-03-03",0,0,0,0
4,"2020-03-04",0,0,0,0
5,"2020-03-05",0,0,0,0
6,"2020-03-06",0,0,0,0
7,"2020-03-07",0,0,0,0
8,"2020-03-08",0,0,0,0
9,"2020-03-09",0,0,0,0
10,"2020-03-10",0,0,0,0
11,"2020-03-11",0,18.5142857142857,0,18.5142857142857
12,"2020-03-12",3.6,18.5142857142857,3.6,18.5142857142857
13,"2020-03-13",11.9,18.5142857142857,11.9,18.5142857142857
14,"2020-03-14",20.2,18.5142857142857,20.2,18.5142857142857
15,"2020-03-15",31.3,18.5142857142857,31.3,18.5142857142857
16,"2020-03-16",31.3,18.5142857142857,31.3,18.5142857142857
17,"2020-03-17",31.3,18.5142857142857,31.3,18.5142857142857
18,"2020-03-18",31.3,43.5571428571429,31.3,43.5571428571429
19,"2020-03-19",31.3,43.5571428571429,31.3,43.5571428571429
20,"2020-03-20",31.3,43.5571428571429,31.3,43.5571428571429
21,"2020-03-21",36.1,43.5571428571429,36.1,43.5571428571429
22,"2020-03-22",58.3,43.5571428571429,58.3,43.5571428571429
23,"2020-03-23",58.3,43.5571428571429,58.3,43.5571428571429
24,"2020-03-24",58.3,43.5571428571429,58.3,43.5571428571429
25,"2020-03-25",58.3,63.1,58.3,63.1
26,"2020-03-26",58.3,63.1,58.3,63.1
27,"2020-03-27",58.3,63.1,58.3,63.1
28,"2020-03-28",66.7,63.1,66.7,63.1
29,"2020-03-29",66.7,63.1,66.7,63.1
30,"2020-03-30",66.7,63.1,66.7,63.1
31,"2020-03-31",66.7,63.1,66.7,63.1
32,"2020-04-01",75,75,75,75
33,"2020-04-02",75,75,75,75
34,"2020-04-03",75,75,75,75
35,"2020-04-04",75,75,75,75
36,"2020-04-05",75,75,75,75
37,"2020-04-06",75,75,75,75
38,"2020-04-07",75,75,75,75
39,"2020-04-08",75,75,75,75
40,"2020-04-09",75,75,75,75
41,"2020-04-10",75,75,75,75
42,"2020-04-11",75,75,75,75
43,"2020-04-12",75,75,75,75
44,"2020-04-13",75,75,75,75
45,"2020-04-14",75,75,75,75
46,"2020-04-15",75,75,75,75
47,"2020-04-16",75,75,75,75
48,"2020-04-17",75,75,75,75
49,"2020-04-18",75,75,75,75
50,"2020-04-19",75,75,75,75
51,"2020-04-20",75,75,75,75
52,"2020-04-21",75,75,75,75
53,"2020-04-22",75,75,75,75
54,"2020-04-23",75,75,75,75
55,"2020-04-24",75,75,75,75
56,"2020-04-25",75,75,75,75
57,"2020-04-26",75,75,75,75
58,"2020-04-27",75,75,75,75
59,"2020-04-28",75,75,75,75
60,"2020-04-29",75,73.8,75,73.8
61,"2020-04-30",75,73.8,75,73.8
62,"2020-05-01",75,73.8,75,73.8
63,"2020-05-02",75,73.8,75,73.8
64,"2020-05-03",75,73.8,75,73.8
65,"2020-05-04",70.8,73.8,70.8,73.8
66,"2020-05-05",70.8,73.8,70.8,73.8
67,"2020-05-06",70.8,71.1,70.8,71.1
68,"2020-05-07",70.8,71.1,70.8,71.1
69,"2020-05-08",70.8,71.1,70.8,71.1
70,"2020-05-09",70.8,71.1,70.8,71.1
71,"2020-05-10",70.8,71.1,70.8,71.1
72,"2020-05-11",70.8,71.1,70.8,71.1
73,"2020-05-12",72.9,71.1,72.9,71.1
74,"2020-05-13",72.9,70.5285714285714,72.9,70.5285714285714
75,"2020-05-14",72.9,70.5285714285714,72.9,70.5285714285714
76,"2020-05-15",72.9,70.5285714285714,72.9,70.5285714285714
77,"2020-05-16",72.9,70.5285714285714,72.9,70.5285714285714
78,"2020-05-17",72.9,70.5285714285714,72.9,70.5285714285714
79,"2020-05-18",64.6,70.5285714285714,64.6,70.5285714285714
80,"2020-05-19",64.6,70.5285714285714,64.6,70.5285714285714
81,"2020-05-20",64.6,63.4,64.6,63.4
82,"2020-05-21",64.6,63.4,64.6,63.4
83,"2020-05-22",64.6,63.4,64.6,63.4
84,"2020-05-23",64.6,63.4,64.6,63.4
85,"2020-05-24",64.6,63.4,64.6,63.4
86,"2020-05-25",60.4,63.4,60.4,63.4
87,"2020-05-26",60.4,63.4,60.4,63.4
88,"2020-05-27",60.4,57.4,60.4,57.4
89,"2020-05-28",60.4,57.4,60.4,57.4
90,"2020-05-29",56.2,57.4,56.2,57.4
91,"2020-05-30",56.2,57.4,56.2,57.4
92,"2020-05-31",56.2,57.4,56.2,57.4
93,"2020-06-01",56.2,57.4,56.2,57.4
94,"2020-06-02",56.2,57.4,56.2,57.4
95,"2020-06-03",56.2,56.2,56.2,56.2
96,"2020-06-04",56.2,56.2,56.2,56.2
97,"2020-06-05",56.2,56.2,56.2,56.2
98,"2020-06-06",56.2,56.2,56.2,56.2
99,"2020-06-07",56.2,56.2,56.2,56.2
100,"2020-06-08",56.2,56.2,56.2,56.2
101,"2020-06-09",56.2,56.2,56.2,56.2
102,"2020-06-10",56.2,54.9714285714286,56.2,54.9714285714286
103,"2020-06-11",56.2,54.9714285714286,56.2,54.9714285714286
104,"2020-06-12",56.2,54.9714285714286,56.2,54.9714285714286
105,"2020-06-13",56.2,54.9714285714286,56.2,54.9714285714286
106,"2020-06-14",56.2,54.9714285714286,56.2,54.9714285714286
107,"2020-06-15",51.9,54.9714285714286,51.9,54.9714285714286
108,"2020-06-16",51.9,54.9714285714286,51.9,54.9714285714286
109,"2020-06-17",51.9,50.8714285714286,51.9,50.8714285714286
110,"2020-06-18",51.9,50.8714285714286,51.9,50.8714285714286
111,"2020-06-19",51.9,50.8714285714286,51.9,50.8714285714286
112,"2020-06-20",51.9,50.8714285714286,51.9,50.8714285714286
113,"2020-06-21",51.9,50.8714285714286,51.9,50.8714285714286
114,"2020-06-22",48.3,50.8714285714286,48.3,50.8714285714286
115,"2020-06-23",48.3,50.8714285714286,48.3,50.8714285714286
116,"2020-06-24",48,44.4285714285714,48,44.4285714285714
117,"2020-06-25",48,44.4285714285714,48,44.4285714285714
118,"2020-06-26",43,44.4285714285714,43,44.4285714285714
119,"2020-06-27",43,44.4285714285714,43,44.4285714285714
120,"2020-06-28",43,44.4285714285714,43,44.4285714285714
121,"2020-06-29",43,44.4285714285714,43,44.4285714285714
122,"2020-06-30",43,44.4285714285714,43,44.4285714285714
123,"2020-07-01",43,43,43,43
124,"2020-07-02",43,43,43,43
125,"2020-07-03",43,43,43,43
126,"2020-07-04",43,43,43,43
127,"2020-07-05",43,43,43,43
128,"2020-07-06",43,43,43,43
129,"2020-07-07",43,43,43,43
130,"2020-07-08",43,43,43,43
131,"2020-07-09",43,43,43,43
132,"2020-07-10",43,43,43,43
133,"2020-07-11",43,43,43,43
134,"2020-07-12",43,43,43,43
135,"2020-07-13",43,43,43,43
136,"2020-07-14",43,43,43,43
137,"2020-07-15",43,44.4285714285714,43,44.4285714285714
138,"2020-07-16",43,44.4285714285714,43,44.4285714285714
139,"2020-07-17",43,44.4285714285714,43,44.4285714285714
140,"2020-07-18",45.5,44.4285714285714,45.5,44.4285714285714
141,"2020-07-19",45.5,44.4285714285714,45.5,44.4285714285714
142,"2020-07-20",45.5,44.4285714285714,45.5,44.4285714285714
143,"2020-07-21",45.5,44.4285714285714,45.5,44.4285714285714
144,"2020-07-22",45.5,45.5,45.5,45.5
145,"2020-07-23",45.5,45.5,45.5,45.5
146,"2020-07-24",45.5,45.5,45.5,45.5
147,"2020-07-25",45.5,45.5,45.5,45.5
148,"2020-07-26",45.5,45.5,45.5,45.5
149,"2020-07-27",45.5,45.5,45.5,45.5
150,"2020-07-28",45.5,45.5,45.5,45.5
151,"2020-07-29",45.5,45.5,45.5,45.5
152,"2020-07-30",45.5,45.5,45.5,45.5
153,"2020-07-31",45.5,45.5,45.5,45.5
154,"2020-08-01",45.5,45.5,45.5,45.5
155,"2020-08-02",45.5,45.5,45.5,45.5
156,"2020-08-03",45.5,45.5,45.5,45.5
157,"2020-08-04",45.5,45.5,45.5,45.5
158,"2020-08-05",45.5,45.5,45.5,45.5
159,"2020-08-06",45.5,45.5,45.5,45.5
160,"2020-08-07",45.5,45.5,45.5,45.5
161,"2020-08-08",45.5,45.5,45.5,45.5
162,"2020-08-09",45.5,45.5,45.5,45.5
163,"2020-08-10",45.5,45.5,45.5,45.5
164,"2020-08-11",45.5,45.5,45.5,45.5
165,"2020-08-12",45.5,45.5,45.5,45.5
166,"2020-08-13",45.5,45.5,45.5,45.5
167,"2020-08-14",45.5,45.5,45.5,45.5
168,"2020-08-15",45.5,45.5,45.5,45.5
169,"2020-08-16",45.5,45.5,45.5,45.5
170,"2020-08-17",45.5,45.5,45.5,45.5
171,"2020-08-18",45.5,45.5,45.5,45.5
172,"2020-08-19",45.5,45.5,45.5,45.5
173,"2020-08-20",45.5,45.5,45.5,45.5
174,"2020-08-21",45.5,45.5,45.5,45.5
175,"2020-08-22",45.5,45.5,45.5,45.5
176,"2020-08-23",45.5,45.5,45.5,45.5
177,"2020-08-24",45.5,45.5,45.5,45.5
178,"2020-08-25",45.5,45.5,45.5,45.5
179,"2020-08-26",45.5,45.5,45.5,45.5
180,"2020-08-27",45.5,45.5,45.5,45.5
181,"2020-08-28",45.5,45.5,45.5,45.5
182,"2020-08-29",45.5,45.5,45.5,45.5
183,"2020-08-30",45.5,45.5,45.5,45.5
184,"2020-08-31",45.5,45.5,45.5,45.5
185,"2020-09-01",45.5,45.5,45.5,45.5
186,"2020-09-02",49,49,49,49
187,"2020-09-03",49,49,49,49
188,"2020-09-04",49,49,49,49
189,"2020-09-05",49,49,49,49
190,"2020-09-06",49,49,49,49
191,"2020-09-07",49,49,49,49
192,"2020-09-08",49,49,49,49
193,"2020-09-09",49,50.2,49,50.2
194,"2020-09-10",49,50.2,49,50.2
195,"2020-09-11",49,50.2,49,50.2
196,"2020-09-12",51.1,50.2,51.1,50.2
197,"2020-09-13",51.1,50.2,51.1,50.2
198,"2020-09-14",51.1,50.2,51.1,50.2
199,"2020-09-15",51.1,50.2,51.1,50.2
200,"2020-09-16",51.1,51.1,51.1,51.1
201,"2020-09-17",51.1,51.1,51.1,51.1
202,"2020-09-18",51.1,51.1,51.1,51.1
203,"2020-09-19",51.1,51.1,51.1,51.1
204,"2020-09-20",51.1,51.1,51.1,51.1
205,"2020-09-21",51.1,51.1,51.1,51.1
206,"2020-09-22",51.1,51.1,51.1,51.1
207,"2020-09-23",51.1,51.1,51.1,51.1
208,"2020-09-24",51.1,51.1,51.1,51.1
209,"2020-09-25",51.1,51.1,51.1,51.1
210,"2020-09-26",51.1,51.1,51.1,51.1
211,"2020-09-27",51.1,51.1,51.1,51.1
212,"2020-09-28",51.1,51.1,51.1,51.1
213,"2020-09-29",51.1,51.1,51.1,51.1
214,"2020-09-30",51.1,57.9571428571429,51.1,57.9571428571429
215,"2020-10-01",59.1,57.9571428571429,59.1,57.9571428571429
216,"2020-10-02",59.1,57.9571428571429,59.1,57.9571428571429
217,"2020-10-03",59.1,57.9571428571429,59.1,57.9571428571429
218,"2020-10-04",59.1,57.9571428571429,59.1,57.9571428571429
219,"2020-10-05",59.1,57.9571428571429,59.1,57.9571428571429
220,"2020-10-06",59.1,57.9571428571429,59.1,57.9571428571429
221,"2020-10-07",59.1,59.1,59.1,59.1
222,"2020-10-08",59.1,59.1,59.1,59.1
223,"2020-10-09",59.1,59.1,59.1,59.1
224,"2020-10-10",59.1,59.1,59.1,59.1
225,"2020-10-11",59.1,59.1,59.1,59.1
226,"2020-10-12",59.1,59.1,59.1,59.1
227,"2020-10-13",59.1,59.1,59.1,59.1
228,"2020-10-14",59.1,59.1,59.1,59.1
229,"2020-10-15",59.1,59.1,59.1,59.1
230,"2020-10-16",59.1,59.1,59.1,59.1
231,"2020-10-17",59.1,59.1,59.1,59.1
232,"2020-10-18",59.1,59.1,59.1,59.1
233,"2020-10-19",59.1,59.1,59.1,59.1
234,"2020-10-20",59.1,59.1,59.1,59.1
235,"2020-10-21",59.1,59.1,59.1,59.1
236,"2020-10-22",59.1,59.1,59.1,59.1
237,"2020-10-23",59.1,59.1,59.1,59.1
238,"2020-10-24",59.1,59.1,59.1,59.1
239,"2020-10-25",59.1,59.1,59.1,59.1
240,"2020-10-26",59.1,59.1,59.1,59.1
241,"2020-10-27",59.1,59.1,59.1,59.1
242,"2020-10-28",59.1,59.5,59.1,59.5
243,"2020-10-29",59.1,59.5,59.1,59.5
244,"2020-10-30",59.1,59.5,59.1,59.5
245,"2020-10-31",59.1,59.5,59.1,59.5
246,"2020-11-01",59.1,59.5,59.1,59.5
247,"2020-11-02",60.5,59.5,60.5,59.5
248,"2020-11-03",60.5,59.5,60.5,59.5
249,"2020-11-04",60.5,60.5,60.5,60.5
250,"2020-11-05",60.5,60.5,60.5,60.5
251,"2020-11-06",60.5,60.5,60.5,60.5
252,"2020-11-07",60.5,60.5,60.5,60.5
253,"2020-11-08",60.5,60.5,60.5,60.5
254,"2020-11-09",60.5,60.5,60.5,60.5
255,"2020-11-10",60.5,60.5,60.5,60.5
256,"2020-11-11",60.5,60.5,60.5,60.5
257,"2020-11-12",60.5,60.5,60.5,60.5
258,"2020-11-13",60.5,60.5,60.5,60.5
259,"2020-11-14",60.5,60.5,60.5,60.5
260,"2020-11-15",60.5,60.5,60.5,60.5
261,"2020-11-16",60.5,60.5,60.5,60.5
262,"2020-11-17",60.5,60.5,60.5,60.5
263,"2020-11-18",60.5,60.5,60.5,60.5
264,"2020-11-19",60.5,60.5,60.5,60.5
265,"2020-11-20",60.5,60.5,60.5,60.5
266,"2020-11-21",60.5,60.5,60.5,60.5
267,"2020-11-22",60.5,60.5,60.5,60.5
268,"2020-11-23",60.5,60.5,60.5,60.5
269,"2020-11-24",60.5,60.5,60.5,60.5
270,"2020-11-25",60.5,60.5,60.5,60.5
271,"2020-11-26",60.5,60.5,60.5,60.5
272,"2020-11-27",60.5,60.5,60.5,60.5
273,"2020-11-28",60.5,60.5,60.5,60.5
274,"2020-11-29",60.5,60.5,60.5,60.5
275,"2020-11-30",60.5,60.5,60.5,60.5
276,"2020-12-01",60.5,60.5,60.5,60.5
277,"2020-12-02",60.5,60.5,60.5,60.5
278,"2020-12-03",60.5,60.5,60.5,60.5
279,"2020-12-04",60.5,60.5,60.5,60.5
280,"2020-12-05",60.5,60.5,60.5,60.5
281,"2020-12-06",60.5,60.5,60.5,60.5
282,"2020-12-07",60.5,60.5,60.5,60.5
283,"2020-12-08",60.5,60.5,60.5,60.5
284,"2020-12-09",60.5,60.5,60.5,60.5
285,"2020-12-10",60.5,60.5,60.5,60.5
286,"2020-12-11",60.5,60.5,60.5,60.5
287,"2020-12-12",60.5,60.5,60.5,60.5
288,"2020-12-13",60.5,60.5,60.5,60.5
289,"2020-12-14",60.5,60.5,60.5,60.5
290,"2020-12-15",60.5,60.5,60.5,60.5
291,"2020-12-16",60.5,64.1,60.5,64.1
292,"2020-12-17",64.7,64.1,64.7,64.1
293,"2020-12-18",64.7,64.1,64.7,64.1
294,"2020-12-19",64.7,64.1,64.7,64.1
295,"2020-12-20",64.7,64.1,64.7,64.1
296,"2020-12-21",64.7,64.1,64.7,64.1
297,"2020-12-22",64.7,64.1,64.7,64.1
298,"2020-12-23",64.7,72.1285714285714,64.7,72.1285714285714
299,"2020-12-24",64.7,72.1285714285714,64.7,72.1285714285714
300,"2020-12-25",75.1,72.1285714285714,75.1,72.1285714285714
301,"2020-12-26",75.1,72.1285714285714,75.1,72.1285714285714
302,"2020-12-27",75.1,72.1285714285714,75.1,72.1285714285714
303,"2020-12-28",75.1,72.1285714285714,75.1,72.1285714285714
304,"2020-12-29",75.1,72.1285714285714,75.1,72.1285714285714
305,"2020-12-30",75.1,75.1,75.1,75.1
306,"2020-12-31",75.1,75.1,75.1,75.1
307,"2021-01-01",75.1,75.1,75.1,75.1
308,"2021-01-02",75.1,75.1,75.1,75.1
309,"2021-01-03",75.1,75.1,75.1,75.1
310,"2021-01-04",75.1,75.1,75.1,75.1
311,"2021-01-05",75.1,75.1,75.1,75.1
312,"2021-01-06",75.1,75.1,75.1,75.1
313,"2021-01-07",75.1,75.1,75.1,75.1
314,"2021-01-08",83.4,80.2571428571429,83.4,80.2571428571429
315,"2021-01-09",83.4,80.2571428571429,83.4,80.2571428571429
316,"2021-01-10",83.4,80.2571428571429,83.4,80.2571428571429
317,"2021-01-11",77.9,80.2571428571429,77.9,80.2571428571429
318,"2021-01-12",77.9,80.2571428571429,77.9,80.2571428571429
319,"2021-01-13",77.9,80.2571428571429,77.9,80.2571428571429
320,"2021-01-14",77.9,80.2571428571429,77.9,80.2571428571429
321,"2021-01-15",77.9,77.9,77.9,77.9
322,"2021-01-16",77.9,77.9,77.9,77.9
323,"2021-01-17",77.9,77.9,77.9,77.9
324,"2021-01-18",77.9,77.9,77.9,77.9
325,"2021-01-19",77.9,77.9,77.9,77.9
326,"2021-01-20",77.9,77.9,77.9,77.9
327,"2021-01-21",77.9,77.9,77.9,77.9
328,"2021-01-22",77.9,77.9,77.9,77.9
329,"2021-01-23",77.9,77.9,77.9,77.9
330,"2021-01-24",77.9,77.9,77.9,77.9
331,"2021-01-25",77.9,77.9,77.9,77.9
332,"2021-01-26",77.9,77.9,77.9,77.9
333,"2021-01-27",77.9,77.9,77.9,77.9
334,"2021-01-28",77.9,77.9,77.9,77.9
335,"2021-01-29",77.9,77.9,77.9,77.9
336,"2021-01-30",77.9,77.9,77.9,77.9
337,"2021-01-31",77.9,77.9,77.9,77.9
338,"2021-02-01",77.9,77.9,77.9,77.9
339,"2021-02-02",77.9,77.9,77.9,77.9
340,"2021-02-03",77.9,77.9,77.9,77.9
341,"2021-02-04",77.9,77.9,77.9,77.9
342,"2021-02-05",77.9,70.7571428571429,77.9,70.7571428571429
343,"2021-02-06",77.9,70.7571428571429,77.9,70.7571428571429
344,"2021-02-07",77.9,70.7571428571429,77.9,70.7571428571429
345,"2021-02-08",65.4,70.7571428571429,65.4,70.7571428571429
346,"2021-02-09",65.4,70.7571428571429,65.4,70.7571428571429
347,"2021-02-10",65.4,70.7571428571429,65.4,70.7571428571429
348,"2021-02-11",65.4,70.7571428571429,65.4,70.7571428571429
349,"2021-02-12",65.4,65.4,65.4,65.4
350,"2021-02-13",65.4,65.4,65.4,65.4
351,"2021-02-14",65.4,65.4,65.4,65.4
352,"2021-02-15",65.4,65.4,65.4,65.4
353,"2021-02-16",65.4,65.4,65.4,65.4
354,"2021-02-17",65.4,65.4,65.4,65.4
355,"2021-02-18",65.4,65.4,65.4,65.4
356,"2021-02-19",65.4,65.4,65.4,65.4
357,"2021-02-20",65.4,65.4,65.4,65.4
358,"2021-02-21",65.4,65.4,65.4,65.4
359,"2021-02-22",65.4,65.4,65.4,65.4
360,"2021-02-23",65.4,65.4,65.4,65.4
361,"2021-02-24",65.4,65.4,65.4,65.4
362,"2021-02-25",65.4,65.4,65.4,65.4
363,"2021-02-26",65.4,65.4,65.4,65.4
364,"2021-02-27",65.4,65.4,65.4,65.4
365,"2021-02-28",65.4,65.4,65.4,65.4
366,"2021-03-01",65.4,65.4,65.4,65.4
367,"2021-03-02",65.4,65.4,65.4,65.4
368,"2021-03-03",65.4,65.4,65.4,65.4
369,"2021-03-04",65.4,65.4,65.4,65.4
370,"2021-03-05",65.4,65.4,65.4,65.4
371,"2021-03-06",65.4,65.4,65.4,65.4
372,"2021-03-07",65.4,65.4,65.4,65.4
373,"2021-03-08",65.4,65.4,65.4,65.4
374,"2021-03-09",65.4,65.4,65.4,65.4
375,"2021-03-10",65.4,65.4,65.4,65.4
376,"2021-03-11",65.4,65.4,65.4,65.4
377,"2021-03-12",65.4,65.4,65.4,65.4
378,"2021-03-13",65.4,65.4,65.4,65.4
379,"2021-03-14",65.4,65.4,65.4,65.4
380,"2021-03-15",65.4,65.4,65.4,65.4
381,"2021-03-16",65.4,65.4,65.4,65.4
382,"2021-03-17",65.4,65.4,65.4,65.4
383,"2021-03-18",65.4,65.4,65.4,65.4
384,"2021-03-19",65.4,65.4,65.4,65.4
385,"2021-03-20",65.4,65.4,65.4,65.4
386,"2021-03-21",65.4,65.4,65.4,65.4
387,"2021-03-22",65.4,65.4,65.4,65.4
388,"2021-03-23",65.4,65.4,65.4,65.4
389,"2021-03-24",65.4,65.4,65.4,65.4
390,"2021-03-25",65.4,65.4,65.4,65.4
391,"2021-03-26",65.4,61.8,65.4,61.8
392,"2021-03-27",61.2,61.8,61.2,61.8
393,"2021-03-28",61.2,61.8,61.2,61.8
394,"2021-03-29",61.2,61.8,61.2,61.8
395,"2021-03-30",61.2,61.8,61.2,61.8
396,"2021-03-31",61.2,61.8,61.2,61.8
397,"2021-04-01",61.2,61.8,61.2,61.8
398,"2021-04-02",61.2,63,61.2,63
399,"2021-04-03",61.2,63,61.2,63
400,"2021-04-04",61.2,63,61.2,63
401,"2021-04-05",61.2,63,61.2,63
402,"2021-04-06",65.4,63,65.4,63
403,"2021-04-07",65.4,63,65.4,63
404,"2021-04-08",65.4,63,65.4,63
405,"2021-04-09",65.4,65.4,65.4,65.4
406,"2021-04-10",65.4,65.4,65.4,65.4
407,"2021-04-11",65.4,65.4,65.4,65.4
408,"2021-04-12",65.4,65.4,65.4,65.4
409,"2021-04-13",65.4,65.4,65.4,65.4
410,"2021-04-14",65.4,65.4,65.4,65.4
411,"2021-04-15",65.4,65.4,65.4,65.4
412,"2021-04-16",65.4,65.4,65.4,65.4
413,"2021-04-17",65.4,65.4,65.4,65.4
414,"2021-04-18",65.4,65.4,65.4,65.4
415,"2021-04-19",65.4,65.4,65.4,65.4
416,"2021-04-20",65.4,65.4,65.4,65.4
417,"2021-04-21",65.4,65.4,65.4,65.4
418,"2021-04-22",65.4,65.4,65.4,65.4
419,"2021-04-23",65.4,65.4,65.4,65.4
420,"2021-04-24",65.4,65.4,65.4,65.4
421,"2021-04-25",65.4,65.4,65.4,65.4
422,"2021-04-26",65.4,65.4,65.4,65.4
423,"2021-04-27",65.4,65.4,65.4,65.4
424,"2021-04-28",65.4,65.4,65.4,65.4
425,"2021-04-29",65.4,65.4,65.4,65.4
426,"2021-04-30",65.4,65.4,65.4,65.4
427,"2021-05-01",65.4,65.4,65.4,65.4
428,"2021-05-02",65.4,65.4,65.4,65.4
429,"2021-05-03",65.4,65.4,65.4,65.4
430,"2021-05-04",65.4,65.4,65.4,65.4
431,"2021-05-05",65.4,65.4,65.4,65.4
432,"2021-05-06",65.4,65.4,65.4,65.4
433,"2021-05-07",65.4,63.8,65.4,63.8
434,"2021-05-08",65.4,63.8,65.4,63.8
435,"2021-05-09",65.4,63.8,65.4,63.8
436,"2021-05-10",62.6,63.8,62.6,63.8
437,"2021-05-11",62.6,63.8,62.6,63.8
438,"2021-05-12",62.6,63.8,62.6,63.8
439,"2021-05-13",62.6,63.8,62.6,63.8
440,"2021-05-14",62.6,62.6,62.6,62.6
441,"2021-05-15",62.6,62.6,62.6,62.6
442,"2021-05-16",62.6,62.6,62.6,62.6
443,"2021-05-17",62.6,62.6,62.6,62.6
444,"2021-05-18",62.6,62.6,62.6,62.6
445,"2021-05-19",62.6,62.6,62.6,62.6
446,"2021-05-20",62.6,62.6,62.6,62.6
447,"2021-05-21",62.6,62.6,62.6,62.6
448,"2021-05-22",62.6,62.6,62.6,62.6
449,"2021-05-23",62.6,62.6,62.6,62.6
450,"2021-05-24",62.6,62.6,62.6,62.6
451,"2021-05-25",62.6,62.6,62.6,62.6
452,"2021-05-26",62.6,62.6,62.6,62.6
453,"2021-05-27",62.6,62.6,62.6,62.6
454,"2021-05-28",48.7,48.7,48.7,48.7
455,"2021-05-29",48.7,48.7,48.7,48.7
456,"2021-05-30",48.7,48.7,48.7,48.7
457,"2021-05-31",48.7,48.7,48.7,48.7
458,"2021-06-01",48.7,48.7,48.7,48.7
459,"2021-06-02",48.7,48.7,48.7,48.7
460,"2021-06-03",48.7,48.7,48.7,48.7
461,"2021-06-04",48.7,45.1428571428571,48.7,45.1428571428571
462,"2021-06-05",48.7,45.1428571428571,48.7,45.1428571428571
463,"2021-06-06",48.7,45.1428571428571,48.7,45.1428571428571
464,"2021-06-07",44.5,45.1428571428571,44.5,45.1428571428571
465,"2021-06-08",41.8,45.1428571428571,41.8,45.1428571428571
466,"2021-06-09",41.8,45.1428571428571,41.8,45.1428571428571
467,"2021-06-10",41.8,45.1428571428571,41.8,45.1428571428571
468,"2021-06-11",41.8,40.7714285714286,41.8,40.7714285714286
469,"2021-06-12",41.8,40.7714285714286,41.8,40.7714285714286
470,"2021-06-13",41.8,40.7714285714286,41.8,40.7714285714286
471,"2021-06-14",40,40.7714285714286,40,40.7714285714286
472,"2021-06-15",40,40.7714285714286,40,40.7714285714286
473,"2021-06-16",40,40.7714285714286,40,40.7714285714286
474,"2021-06-17",40,40.7714285714286,40,40.7714285714286
475,"2021-06-18",40,39.7142857142857,40,39.7142857142857
476,"2021-06-19",40,39.7142857142857,40,39.7142857142857
477,"2021-06-20",40,39.7142857142857,40,39.7142857142857
478,"2021-06-21",40,39.7142857142857,40,39.7142857142857
479,"2021-06-22",40,39.7142857142857,40,39.7142857142857
480,"2021-06-23",40,39.7142857142857,40,39.7142857142857
481,"2021-06-24",38,39.7142857142857,38,39.7142857142857
482,"2021-06-25",38,38,38,38
483,"2021-06-26",38,38,38,38
484,"2021-06-27",38,38,38,38
485,"2021-06-28",38,38,38,38
486,"2021-06-29",38,38,38,38
487,"2021-06-30",38,38,38,38
488,"2021-07-01",38,38,38,38
489,"2021-07-02",38,38,38,38
490,"2021-07-03",38,38,38,38
491,"2021-07-04",38,38,38,38
492,"2021-07-05",38,38,38,38
493,"2021-07-06",38,38,38,38
494,"2021-07-07",38,38,38,38
495,"2021-07-08",38,38,38,38
496,"2021-07-09",38,38,38,38
497,"2021-07-10",38,38,38,38
498,"2021-07-11",38,38,38,38
499,"2021-07-12",38,38,38,38
500,"2021-07-13",38,38,38,38
501,"2021-07-14",38,38,38,38
502,"2021-07-15",38,38,38,38
503,"2021-07-16",38,38,38,38
504,"2021-07-17",38,38,38,38
505,"2021-07-18",38,38,38,38
506,"2021-07-19",38,38,38,38
507,"2021-07-20",38,38,38,38
508,"2021-07-21",38,38,38,38
509,"2021-07-22",38,38,38,38
510,"2021-07-23",38,38,38,38
511,"2021-07-24",38,38,38,38
512,"2021-07-25",38,38,38,38
513,"2021-07-26",38,38,38,38
514,"2021-07-27",38,38,38,38
515,"2021-07-28",38,38,38,38
516,"2021-07-29",38,38,38,38
517,"2021-07-30",38,38,38,38
518,"2021-07-31",38,38,38,38
519,"2021-08-01",38,38,38,38
520,"2021-08-02",38,38,38,38
521,"2021-08-03",38,38,38,38
522,"2021-08-04",38,38,38,38
523,"2021-08-05",38,38,38,38
524,"2021-08-06",38,38,38,38
525,"2021-08-07",38,38,38,38
526,"2021-08-08",38,38,38,38
527,"2021-08-09",38,38,38,38
528,"2021-08-10",38,38,38,38
529,"2021-08-11",38,38,38,38
530,"2021-08-12",38,38,38,38
531,"2021-08-13",38,38,38,38
532,"2021-08-14",38,38,38,38
533,"2021-08-15",38,38,38,38
534,"2021-08-16",38,38,38,38
535,"2021-08-17",38,38,38,38
536,"2021-08-18",38,38,38,38
537,"2021-08-19",38,38,38,38
538,"2021-08-20",38,38.2857142857143,38,38.2857142857143
539,"2021-08-21",38,38.2857142857143,38,38.2857142857143
540,"2021-08-22",38,38.2857142857143,38,38.2857142857143
541,"2021-08-23",38,38.2857142857143,38,38.2857142857143
542,"2021-08-24",38,38.2857142857143,38,38.2857142857143
543,"2021-08-25",38,38.2857142857143,38,38.2857142857143
544,"2021-08-26",40,38.2857142857143,40,38.2857142857143
545,"2021-08-27",40,40.5714285714286,40,40
546,"2021-08-28",40,40.5714285714286,40,40
547,"2021-08-29",40,40.5714285714286,40,40
548,"2021-08-30",40,40.5714285714286,40,40
549,"2021-08-31",40,40.5714285714286,40,40
550,"2021-09-01",42,40.5714285714286,40,40
551,"2021-09-02",42,40.5714285714286,40,40
552,"2021-09-03",42,42,40,40
553,"2021-09-04",42,42,40,40
554,"2021-09-05",42,42,40,40
555,"2021-09-06",42,42,40,40
556,"2021-09-07",42,42,40,40
557,"2021-09-08",42,42,40,40
558,"2021-09-09",42,42,40,40
559,"2021-09-10",42,42,40,40
560,"2021-09-11",42,42,40,40
561,"2021-09-12",42,42,40,40
562,"2021-09-13",42,42,40,40
563,"2021-09-14",42,42,40,40
564,"2021-09-15",42,42,40,40
565,"2021-09-16",42,42,40,40
566,"2021-09-17",42,42,40,40
567,"2021-09-18",42,42,40,40
568,"2021-09-19",42,42,40,40
569,"2021-09-20",42,42,40,40
570,"2021-09-21",42,42,40,40
571,"2021-09-22",42,42,40,40
572,"2021-09-23",42,42,40,40
573,"2021-09-24",42,42,40,40
574,"2021-09-25",42,42,40,40
575,"2021-09-26",42,42,40,40
576,"2021-09-27",42,42,40,40
577,"2021-09-28",42,42,40,40
578,"2021-09-29",42,42,40,40
579,"2021-09-30",42,42,40,40
580,"2021-10-01",34.2,34.2,40,40
581,"2021-10-02",34.2,34.2,40,40
582,"2021-10-03",34.2,34.2,40,40
583,"2021-10-04",34.2,34.2,40,40
584,"2021-10-05",34.2,34.2,40,40
585,"2021-10-06",34.2,34.2,40,40
586,"2021-10-07",34.2,34.2,40,40
587,"2021-10-08",34.2,34.2,40,40
588,"2021-10-09",34.2,34.2,40,40
589,"2021-10-10",34.2,34.2,40,40
590,"2021-10-11",34.2,34.2,40,40
591,"2021-10-12",34.2,34.2,40,40
592,"2021-10-13",34.2,34.2,40,40
593,"2021-10-14",34.2,34.2,40,40
594,"2021-10-15",34.2,34.2,40,40
595,"2021-10-16",34.2,34.2,40,40
596,"2021-10-17",34.2,34.2,40,40
597,"2021-10-18",34.2,34.2,40,40
598,"2021-10-19",34.2,34.2,40,40
599,"2021-10-20",34.2,34.2,40,40
600,"2021-10-21",34.2,34.2,40,40
601,"2021-10-22",34.2,34.2,40,40
602,"2021-10-23",34.2,34.2,40,40
603,"2021-10-24",34.2,34.2,40,40
604,"2021-10-25",34.2,34.2,40,40
605,"2021-10-26",34.2,34.2,40,40
606,"2021-10-27",34.2,34.2,40,40
607,"2021-10-28",34.2,34.2,40,40
608,"2021-10-29",34.2,31.6142857142857,40,38.4
609,"2021-10-30",34.2,31.6142857142857,40,38.4
610,"2021-10-31",32.1,31.6142857142857,40,38.4
611,"2021-11-01",30.2,31.6142857142857,37.2,38.4
612,"2021-11-02",30.2,31.6142857142857,37.2,38.4
613,"2021-11-03",30.2,31.6142857142857,37.2,38.4
614,"2021-11-04",30.2,31.6142857142857,37.2,38.4
615,"2021-11-05",30.2,30.2,37.2,37.2
616,"2021-11-06",30.2,30.2,37.2,37.2
617,"2021-11-07",30.2,30.2,37.2,37.2
618,"2021-11-08",30.2,30.2,37.2,37.2
619,"2021-11-09",30.2,30.2,37.2,37.2
620,"2021-11-10",30.2,30.2,37.2,37.2
621,"2021-11-11",30.2,30.2,37.2,37.2
622,"2021-11-12",30.2,31.0142857142857,37.2,34.8
623,"2021-11-13",30.2,31.0142857142857,37.2,34.8
624,"2021-11-14",30.2,31.0142857142857,37.2,34.8
625,"2021-11-15",27.2,31.0142857142857,33,34.8
626,"2021-11-16",33.1,31.0142857142857,33,34.8
627,"2021-11-17",33.1,31.0142857142857,33,34.8
628,"2021-11-18",33.1,31.0142857142857,33,34.8
629,"2021-11-19",33.1,33.1,33,33
630,"2021-11-20",33.1,33.1,33,33
631,"2021-11-21",33.1,33.1,33,33
632,"2021-11-22",33.1,33.1,33,33
633,"2021-11-23",33.1,33.1,33,33
634,"2021-11-24",33.1,33.1,33,33
635,"2021-11-25",33.1,33.1,33,33
636,"2021-11-26",33.1,33.1,33,33
637,"2021-11-27",33.1,33.1,33,33
638,"2021-11-28",33.1,33.1,33,33
639,"2021-11-29",33.1,33.1,33,33
640,"2021-11-30",33.1,33.1,33,33
641,"2021-12-01",33.1,33.1,33,33
642,"2021-12-02",33.1,33.1,33,33
643,"2021-12-03",33.1,33.1,33,33
644,"2021-12-04",33.1,33.1,33,33
645,"2021-12-05",33.1,33.1,33,33
646,"2021-12-06",33.1,33.1,33,33
647,"2021-12-07",33.1,33.1,33,33
648,"2021-12-08",33.1,33.1,33,33
649,"2021-12-09",33.1,33.1,33,33
650,"2021-12-10",34.1,34.1,34.4,34.4
651,"2021-12-11",34.1,34.1,34.4,34.4
652,"2021-12-12",34.1,34.1,34.4,34.4
653,"2021-12-13",34.1,34.1,34.4,34.4
654,"2021-12-14",34.1,34.1,34.4,34.4
655,"2021-12-15",34.1,34.1,34.4,34.4
656,"2021-12-16",34.1,34.1,34.4,34.4
657,"2021-12-17",34.1,36.9,34.4,38.4
658,"2021-12-18",34.1,36.9,34.4,38.4
659,"2021-12-19",34.1,36.9,34.4,38.4
660,"2021-12-20",39,36.9,41.4,38.4
661,"2021-12-21",39,36.9,41.4,38.4
662,"2021-12-22",39,36.9,41.4,38.4
663,"2021-12-23",39,36.9,41.4,38.4
664,"2021-12-24",39,41.9285714285714,41.4,45.5285714285714
665,"2021-12-25",39,41.9285714285714,41.4,45.5285714285714
666,"2021-12-26",41.9,41.9285714285714,45.5,45.5285714285714
667,"2021-12-27",41.9,41.9285714285714,45.5,45.5285714285714
668,"2021-12-28",41.9,41.9285714285714,45.5,45.5285714285714
669,"2021-12-29",44.9,41.9285714285714,49.7,45.5285714285714
670,"2021-12-30",44.9,41.9285714285714,49.7,45.5285714285714
671,"2021-12-31",55.5,55.5,64.8,64.8
672,"2022-01-01",55.5,59,64.8,69.7285714285714
673,"2022-01-02",55.5,59,64.8,69.7285714285714
674,"2022-01-03",60.4,59,71.7,69.7285714285714
675,"2022-01-04",60.4,59,71.7,69.7285714285714
676,"2022-01-05",60.4,59,71.7,69.7285714285714
677,"2022-01-06",60.4,59,71.7,69.7285714285714
678,"2022-01-07",60.4,59,71.7,69.7285714285714
679,"2022-01-08",60.4,60.4,71.7,71.7
680,"2022-01-09",60.4,60.4,71.7,71.7
681,"2022-01-10",60.4,60.4,71.7,71.7
682,"2022-01-11",60.4,60.4,71.7,71.7
683,"2022-01-12",60.4,60.4,71.7,71.7
684,"2022-01-13",60.4,60.4,71.7,71.7
685,"2022-01-14",60.4,60.4,71.7,71.7
686,"2022-01-15",60.4,56.1,71.7,65.6285714285714
687,"2022-01-16",60.4,56.1,71.7,65.6285714285714
688,"2022-01-17",50.6,56.1,57.8,65.6285714285714
689,"2022-01-18",50.6,56.1,57.8,65.6285714285714
690,"2022-01-19",56.9,56.1,66.8,65.6285714285714
691,"2022-01-20",56.9,56.1,66.8,65.6285714285714
692,"2022-01-21",56.9,56.1,66.8,65.6285714285714
693,"2022-01-22",56.9,57.2142857142857,66.8,65.6
694,"2022-01-23",56.9,57.2142857142857,66.8,65.6
695,"2022-01-24",56.9,57.2142857142857,66.8,65.6
696,"2022-01-25",58.9,57.2142857142857,66.8,65.6
697,"2022-01-26",58.9,57.2142857142857,66.8,65.6
698,"2022-01-27",56,57.2142857142857,62.6,65.6
699,"2022-01-28",56,57.2142857142857,62.6,65.6
700,"2022-01-29",56,52.4142857142857,62.6,57.5571428571429
701,"2022-01-30",56,52.4142857142857,62.6,57.5571428571429
702,"2022-01-31",53.5,52.4142857142857,59.1,57.5571428571429
703,"2022-02-01",53.5,52.4142857142857,59.1,57.5571428571429
704,"2022-02-02",53.5,52.4142857142857,59.1,57.5571428571429
705,"2022-02-03",47.2,52.4142857142857,50.2,57.5571428571429
706,"2022-02-04",47.2,52.4142857142857,50.2,57.5571428571429
707,"2022-02-05",47.2,47.2,50.2,50.2
708,"2022-02-06",47.2,47.2,50.2,50.2
709,"2022-02-07",47.2,47.2,50.2,50.2
710,"2022-02-08",47.2,47.2,50.2,50.2
711,"2022-02-09",47.2,47.2,50.2,50.2
712,"2022-02-10",47.2,47.2,50.2,50.2
713,"2022-02-11",47.2,47.2,50.2,50.2
714,"2022-02-12",46.8,43.8428571428571,49.6,46.6
715,"2022-02-13",46.8,43.8428571428571,49.6,46.6
716,"2022-02-14",43.8,43.8428571428571,45.4,46.6
717,"2022-02-15",43.8,43.8428571428571,45.4,46.6
718,"2022-02-16",41.9,43.8428571428571,45.4,46.6
719,"2022-02-17",41.9,43.8428571428571,45.4,46.6
720,"2022-02-18",41.9,43.8428571428571,45.4,46.6
721,"2022-02-19",41.9,41.9,45.4,45.4
722,"2022-02-20",41.9,41.9,45.4,45.4
723,"2022-02-21",41.9,41.9,45.4,45.4
724,"2022-02-22",41.9,41.9,45.4,45.4
725,"2022-02-23",41.9,41.9,45.4,45.4
726,"2022-02-24",41.9,41.9,45.4,45.4
727,"2022-02-25",41.9,41.9,45.4,45.4
728,"2022-02-26",41.9,33.3285714285714,45.4,33.3285714285714
729,"2022-02-27",41.9,33.3285714285714,45.4,33.3285714285714
730,"2022-02-28",29.9,33.3285714285714,28.5,33.3285714285714
731,"2022-03-01",29.9,33.3285714285714,28.5,33.3285714285714
732,"2022-03-02",29.9,33.3285714285714,28.5,33.3285714285714
733,"2022-03-03",29.9,33.3285714285714,28.5,33.3285714285714
734,"2022-03-04",29.9,33.3285714285714,28.5,33.3285714285714
735,"2022-03-05",29.9,29.9,28.5,28.5
736,"2022-03-06",29.9,29.9,28.5,28.5
737,"2022-03-07",29.9,29.9,28.5,28.5
738,"2022-03-08",29.9,29.9,28.5,28.5
739,"2022-03-09",29.9,29.9,28.5,28.5
740,"2022-03-10",29.9,29.9,28.5,28.5
741,"2022-03-11",29.9,29.9,28.5,28.5
742,"2022-03-12",20.1,17.3142857142857,14.6,14.6
743,"2022-03-13",20.1,17.3142857142857,14.6,14.6
744,"2022-03-14",16.2,17.3142857142857,14.6,14.6
745,"2022-03-15",16.2,17.3142857142857,14.6,14.6
746,"2022-03-16",16.2,17.3142857142857,14.6,14.6
747,"2022-03-17",16.2,17.3142857142857,14.6,14.6
748,"2022-03-18",16.2,17.3142857142857,14.6,14.6
749,"2022-03-19",16.2,16.2,14.6,14.6
750,"2022-03-20",16.2,16.2,14.6,14.6
751,"2022-03-21",16.2,16.2,14.6,14.6
752,"2022-03-22",16.2,16.2,14.6,14.6
753,"2022-03-23",16.2,16.2,14.6,14.6
754,"2022-03-24",16.2,16.2,14.6,14.6
755,"2022-03-25",16.2,16.2,14.6,14.6
756,"2022-03-26",16.2,16.2,14.6,14.6
757,"2022-03-27",16.2,16.2,14.6,14.6
758,"2022-03-28",16.2,16.2,14.6,14.6
759,"2022-03-29",16.2,16.2,14.6,14.6
760,"2022-03-30",16.2,16.2,14.6,14.6
761,"2022-03-31",16.2,16.2,14.6,14.6
762,"2022-04-01",16.2,16.2,14.6,14.6
763,"2022-04-02",16.2,16.2,14.6,14.6
764,"2022-04-03",16.2,16.2,14.6,14.6
765,"2022-04-04",16.2,16.2,14.6,14.6
766,"2022-04-05",16.2,16.2,14.6,14.6
767,"2022-04-06",16.2,16.2,14.6,14.6
768,"2022-04-07",16.2,16.2,14.6,14.6
769,"2022-04-08",16.2,16.2,14.6,14.6
770,"2022-04-09",16.2,16.2,14.6,14.6
771,"2022-04-10",16.2,16.2,14.6,14.6
772,"2022-04-11",16.2,16.2,14.6,14.6
773,"2022-04-12",16.2,16.2,14.6,14.6
774,"2022-04-13",16.2,16.2,14.6,14.6
775,"2022-04-14",16.2,16.2,14.6,14.6
776,"2022-04-15",16.2,16.2,14.6,14.6
777,"2022-04-16",16.2,16.2,14.6,14.6
778,"2022-04-17",16.2,16.2,14.6,14.6
779,"2022-04-18",16.2,16.2,14.6,14.6
780,"2022-04-19",16.2,16.2,14.6,14.6
781,"2022-04-20",16.2,16.2,14.6,14.6
782,"2022-04-21",16.2,16.2,14.6,14.6
783,"2022-04-22",16.2,16.2,14.6,14.6
784,"2022-04-23",16.2,16.2,14.6,14.6
785,"2022-04-24",16.2,16.2,14.6,14.6
786,"2022-04-25",16.2,16.2,14.6,14.6
787,"2022-04-26",16.2,16.2,14.6,14.6
788,"2022-04-27",16.2,16.2,14.6,14.6
789,"2022-04-28",16.2,16.2,14.6,14.6
790,"2022-04-29",16.2,16.2,14.6,14.6
791,"2022-04-30",16.2,16.2,14.6,14.6
792,"2022-05-01",16.2,16.2,14.6,14.6
793,"2022-05-02",16.2,16.2,14.6,14.6
794,"2022-05-03",16.2,16.2,14.6,14.6
795,"2022-05-04",16.2,16.2,14.6,14.6
796,"2022-05-05",16.2,16.2,14.6,14.6
797,"2022-05-06",16.2,16.2,14.6,14.6
798,"2022-05-07",16.2,16.2,14.6,14.6
799,"2022-05-08",16.2,16.2,14.6,14.6
800,"2022-05-09",16.2,16.2,14.6,14.6
801,"2022-05-10",16.2,16.2,14.6,14.6
802,"2022-05-11",16.2,16.2,14.6,14.6
803,"2022-05-12",16.2,16.2,14.6,14.6
804,"2022-05-13",16.2,16.2,14.6,14.6
805,"2022-05-14",5.9,5.9,0,0
806,"2022-05-15",5.9,5.9,0,0
807,"2022-05-16",5.9,5.9,0,0
808,"2022-05-17",NA,5.9,NA,0
809,"2022-05-18",NA,5.9,NA,0
810,"2022-05-19",NA,5.9,NA,0
811,"2022-05-20",NA,5.9,NA,0
812,"2022-05-21",NA,NA,NA,NA
813,"2022-05-22",NA,NA,NA,NA
814,"2022-05-23",NA,NA,NA,NA
815,"2022-05-24",NA,NA,NA,NA
816,"2022-05-25",NA,NA,NA,NA
817,"2022-05-26",NA,NA,NA,NA
818,"2022-05-27",NA,NA,NA,NA
819,"2022-05-28",NA,NA,NA,NA
820,"2022-05-29",NA,NA,NA,NA
821,"2022-05-30",NA,NA,NA,NA
