"ID","date","SPHM","SI","Evidence","Negative_sentiments","Uncertainty","TH","CC","CD","VAX","wave","TH100","VAX100","CC100","CD100"
1,2020-02-27,NA,NA,NA,NA,NA,0,0,0,NA,1,0,NA,0,0
2,2020-02-28,NA,NA,NA,NA,NA,0,0,0,NA,1,0,NA,0,0
3,2020-02-29,NA,NA,NA,NA,NA,0,0,0,NA,1,0,NA,0,0
4,2020-03-01,0,0,NA,NA,NA,0,0,0,NA,1,0,NA,0,0
5,2020-03-02,0,0,NA,NA,NA,0,0,0,NA,1,0,NA,0,0
6,2020-03-03,0,0,NA,NA,NA,0,0,0,NA,1,0,NA,0,0
7,2020-03-04,0,0,NA,NA,NA,0,0,0,NA,1,0,NA,0,0
8,2020-03-05,0,0,NA,NA,NA,0,0,0,NA,1,0,NA,0,0
9,2020-03-06,0,0,NA,NA,NA,0,1,0,NA,1,0,NA,0.00532623169107856,0
10,2020-03-07,0,0,NA,NA,NA,0,0,0,NA,1,0,NA,0,0
11,2020-03-08,0,0,NA,NA,NA,0,0,0,NA,1,0,NA,0,0
12,2020-03-09,0,0,NA,NA,NA,0,0,0,NA,1,0,NA,0,0
13,2020-03-10,0,0,NA,NA,NA,0,0,0,NA,1,0,NA,0,0
14,2020-03-11,0,0,NA,NA,NA,0,2,0,NA,1,0,NA,0.0106524633821571,0
15,2020-03-12,3.6,3.6,18.75,25,40.4868228183986,0,2,0,NA,1,0,NA,0.0106524633821571,0
16,2020-03-13,11.9,11.9,23.0769230769231,23.0769230769231,54.4977729200474,0,1,0,NA,1,0,NA,0.00532623169107856,0
17,2020-03-14,20.2,20.2,20,30,35.4817744342629,0,1,0,NA,1,0,NA,0.00532623169107856,0
18,2020-03-15,31.3,31.3,NA,NA,NA,2,2,0,NA,1,0.0583941605839416,NA,0.0106524633821571,0
19,2020-03-16,31.3,31.3,20,0,4.98844874394794,5,5,0,NA,1,0.145985401459854,NA,0.0266311584553928,0
20,2020-03-17,31.3,31.3,NA,NA,NA,6,4,1,NA,1,0.175182481751825,NA,0.0213049267643142,0.75187969924812
21,2020-03-18,31.3,31.3,5,5,42.8971585321671,7,8,1,NA,1,0.204379562043796,NA,0.0426098535286285,0.75187969924812
22,2020-03-19,31.3,31.3,29.4117647058824,29.4117647058824,16.0768076186533,10,48,0,NA,1,0.291970802919708,NA,0.255659121171771,0
23,2020-03-20,31.3,31.3,25,25,29.1195999226203,19,75,1,NA,1,0.554744525547445,NA,0.399467376830892,0.75187969924812
24,2020-03-21,36.1,36.1,22.2222222222222,27.7777777777778,14.2797991822369,24,139,1,NA,1,0.700729927007299,NA,0.74034620505992,0.75187969924812
25,2020-03-22,58.3,58.3,7.69230769230769,26.9230769230769,22.8354092012044,45,171,1,NA,1,1.31386861313869,NA,0.910785619174434,0.75187969924812
26,2020-03-23,58.3,58.3,4,24,22.209098907924,67,258,1,NA,1,1.95620437956204,NA,1.37416777629827,0.75187969924812
27,2020-03-24,58.3,58.3,13.7931034482759,37.9310344827586,17.8060979062708,78,220,3,NA,1,2.27737226277372,NA,1.17177097203728,2.25563909774436
28,2020-03-25,58.3,58.3,4.54545454545455,27.2727272727273,39.5832635626581,106,249,8,NA,1,3.09489051094891,NA,1.32623169107856,6.01503759398496
29,2020-03-26,58.3,58.3,25,37.5,11.4209221243019,141,344,6,NA,1,4.11678832116788,NA,1.83222370173103,4.51127819548872
30,2020-03-27,58.3,58.3,11.1111111111111,55.5555555555556,31.9691009782102,164,433,3,NA,1,4.78832116788321,NA,2.30625832223702,2.25563909774436
31,2020-03-28,66.7,66.7,56,56,11.5281300139744,192,405,14,NA,1,5.60583941605839,NA,2.15712383488682,10.5263157894737
32,2020-03-29,66.7,66.7,6.66666666666667,26.6666666666667,13.1322530339819,235,500,10,NA,1,6.86131386861314,NA,2.66311584553928,7.5187969924812
33,2020-03-30,66.7,66.7,20,13.3333333333333,18.8515379257452,286,603,14,NA,1,8.35036496350365,NA,3.21171770972037,10.5263157894737
34,2020-03-31,66.7,66.7,33.3333333333333,16.6666666666667,8.6641478184359,307,753,15,NA,1,8.96350364963504,NA,4.01065246338216,11.2781954887218
35,2020-04-01,75,75,11.1111111111111,25.9259259259259,38.4995600641789,365,574,14,NA,1,10.6569343065693,NA,3.05725699067909,10.5263157894737
36,2020-04-02,75,75,5.84415584415584,21.1038961038961,48.764758254271,441,715,17,NA,1,12.8759124087591,NA,3.80825565912117,12.781954887218
37,2020-04-03,75,75,13.3333333333333,26.6666666666667,15.2625381709021,478,613,29,NA,1,13.956204379562,NA,3.26498002663116,21.8045112781955
38,2020-04-04,75,75,29.2682926829268,34.1463414634146,57.2277096913911,525,623,48,NA,1,15.3284671532847,NA,3.31824234354194,36.0902255639098
39,2020-04-05,75,75,33.3333333333333,44.4444444444444,12.2509186895088,533,506,38,NA,1,15.5620437956204,NA,2.69507323568575,28.5714285714286
40,2020-04-06,75,75,NA,NA,NA,583,612,48,NA,1,17.021897810219,NA,3.25965379494008,36.0902255639098
41,2020-04-07,75,75,NA,NA,NA,632,820,52,NA,1,18.4525547445255,NA,4.36750998668442,39.0977443609023
42,2020-04-08,75,75,7.54716981132075,24.5283018867925,67.011504389824,679,553,56,NA,1,19.8248175182482,NA,2.94540612516644,42.1052631578947
43,2020-04-09,75,75,4.34782608695652,23.9130434782609,30.1465668537766,733,808,65,NA,1,21.4014598540146,NA,4.30359520639148,48.8721804511278
44,2020-04-10,75,75,11.6568914956012,17.4486803519062,43.3108023064871,758,563,70,NA,1,22.1313868613139,NA,2.99866844207723,52.6315789473684
45,2020-04-11,75,75,15.3846153846154,28.2051282051282,39.2210369635326,790,652,64,NA,1,23.0656934306569,NA,3.47270306258322,48.1203007518797
46,2020-04-12,75,75,NA,NA,NA,830,821,80,NA,1,24.2335766423358,NA,4.3728362183755,60.1503759398496
47,2020-04-13,75,75,17.3913043478261,73.9130434782609,10.0745904865534,891,860,89,NA,1,26.014598540146,NA,4.58055925432756,66.9172932330827
48,2020-04-14,75,75,8.82352941176471,17.6470588235294,60.3223965835228,927,1051,86,NA,1,27.0656934306569,NA,5.59786950732357,64.6616541353383
49,2020-04-15,75,75,6.52173913043478,30.4347826086957,86.3943723642253,975,884,88,NA,1,28.4671532846715,NA,4.70838881491345,66.1654135338346
50,2020-04-16,75,75,13.8888888888889,25,69.5097303452202,1018,862,85,NA,1,29.7226277372263,NA,4.59121171770972,63.9097744360902
51,2020-04-17,75,75,0,48,27.5759920937448,1072,834,79,NA,1,31.2992700729927,NA,4.44207723035952,59.3984962406015
52,2020-04-18,75,75,NA,NA,NA,1100,687,92,NA,1,32.1167883211679,NA,3.65912117177097,69.1729323308271
53,2020-04-19,75,75,NA,NA,NA,1168,657,110,NA,1,34.1021897810219,NA,3.49933422103862,82.7067669172932
54,2020-04-20,75,75,7.31707317073171,24.390243902439,28.2656481670356,1223,699,98,NA,1,35.7080291970803,NA,3.72303595206391,73.6842105263158
55,2020-04-21,75,75,4.54545454545455,29.5454545454545,100,1276,669,107,NA,1,37.2554744525547,NA,3.56324900133156,80.4511278195489
56,2020-04-22,75,75,11.1111111111111,37.037037037037,43.017596331629,1410,795,102,NA,1,41.1678832116788,NA,4.23435419440746,76.6917293233083
57,2020-04-23,75,75,17.2413793103448,24.1379310344828,58.7034648172788,1460,746,114,NA,1,42.6277372262774,NA,3.97336884154461,85.7142857142857
58,2020-04-24,75,75,9.09090909090909,36.3636363636364,36.4513495362685,1505,776,100,NA,1,43.9416058394161,NA,4.13315579227696,75.187969924812
59,2020-04-25,75,75,NA,NA,NA,1516,675,118,NA,1,44.2627737226277,NA,3.59520639147803,88.7218045112782
60,2020-04-26,75,75,NA,NA,NA,1538,604,111,NA,1,44.9051094890511,NA,3.21704394141145,83.4586466165414
61,2020-04-27,75,75,13.3333333333333,20,41.865606573955,1619,692,109,NA,1,47.2700729927007,NA,3.68575233022636,81.9548872180451
62,2020-04-28,75,75,18.9189189189189,35.1351351351351,37.9580279914875,1645,808,133,NA,1,48.029197080292,NA,4.30359520639148,100
63,2020-04-29,75,75,29.4117647058824,19.6078431372549,47.614812353071,1677,847,133,NA,1,48.963503649635,NA,4.51131824234354,100
64,2020-04-30,75,75,15.3846153846154,46.1538461538462,41.7178717457689,1709,811,119,NA,1,49.8978102189781,NA,4.31957390146471,89.4736842105263
65,2020-05-01,75,75,NA,NA,NA,1731,845,119,NA,1,50.5401459854015,NA,4.50066577896138,89.4736842105263
66,2020-05-02,75,75,NA,NA,NA,1748,758,114,NA,1,51.036496350365,NA,4.03728362183755,85.7142857142857
67,2020-05-03,75,75,NA,NA,NA,1765,731,98,NA,1,51.5328467153285,NA,3.89347536617843,73.6842105263158
68,2020-05-04,70.8,70.8,9.52380952380952,28.5714285714286,71.4429981483402,1817,570,109,NA,1,53.051094890511,NA,3.03595206391478,81.9548872180451
69,2020-05-05,70.8,70.8,0,18.75,22.1417110915584,1834,844,85,NA,1,53.5474452554745,NA,4.49533954727031,63.9097744360902
70,2020-05-06,70.8,70.8,29.1666666666667,22.9166666666667,52.9542091952833,1827,876,95,NA,1,53.3430656934307,NA,4.66577896138482,71.4285714285714
71,2020-05-07,70.8,70.8,9.52380952380952,23.8095238095238,16.6298271986102,1822,788,95,NA,1,53.1970802919708,NA,4.19707057256991,71.4285714285714
72,2020-05-08,70.8,70.8,NA,NA,NA,1826,692,83,NA,1,53.3138686131387,NA,3.68575233022636,62.406015037594
73,2020-05-09,70.8,70.8,NA,NA,NA,1825,606,92,NA,1,53.2846715328467,NA,3.22769640479361,69.1729323308271
74,2020-05-10,70.8,70.8,NA,NA,NA,1832,670,80,NA,1,53.4890510948905,NA,3.56857523302264,60.1503759398496
75,2020-05-11,70.8,70.8,29.6296296296296,37.037037037037,38.8875834584131,1834,560,92,NA,1,53.5474452554745,NA,2.982689747004,69.1729323308271
76,2020-05-12,72.9,72.9,27.7777777777778,22.2222222222222,18.91924138454,1866,629,72,NA,1,54.4817518248175,NA,3.35019973368842,54.1353383458647
77,2020-05-13,72.9,72.9,28.5714285714286,14.2857142857143,28.5752233080526,1829,680,55,NA,1,53.4014598540146,NA,3.62183754993342,41.3533834586466
78,2020-05-14,72.9,72.9,14.6341463414634,19.5121951219512,39.9994824284457,1818,715,88,NA,1,53.0802919708029,NA,3.80825565912117,66.1654135338346
79,2020-05-15,72.9,72.9,25,31.25,11.822951710574,1788,694,82,NA,1,52.2043795620438,NA,3.69640479360852,61.6541353383459
80,2020-05-16,72.9,72.9,NA,NA,NA,1762,736,70,NA,1,51.4452554744526,NA,3.92010652463382,52.6315789473684
81,2020-05-17,72.9,72.9,NA,NA,NA,1762,625,62,NA,1,51.4452554744526,NA,3.3288948069241,46.6165413533835
82,2020-05-18,64.6,64.6,38.4615384615385,19.2307692307692,22.0939666872508,1777,545,56,NA,1,51.8832116788321,NA,2.90279627163782,42.1052631578947
83,2020-05-19,64.6,64.6,11.5384615384615,30.7692307692308,30.9327580447088,1542,629,56,NA,1,45.021897810219,NA,3.35019973368842,42.1052631578947
84,2020-05-20,64.6,64.6,19.3333333333333,11,41.0151828490289,1500,658,69,NA,1,43.7956204379562,NA,3.50466045272969,51.8796992481203
85,2020-05-21,64.6,64.6,8.33333333333333,25,26.3534496144092,1476,654,51,NA,1,43.0948905109489,NA,3.48335552596538,38.3458646616541
86,2020-05-22,64.6,64.6,NA,NA,NA,1449,512,69,NA,1,42.3065693430657,NA,2.72703062583222,51.8796992481203
87,2020-05-23,64.6,64.6,NA,NA,NA,1432,501,62,NA,1,41.8102189781022,NA,2.66844207723036,46.6165413533835
88,2020-05-24,64.6,64.6,NA,NA,NA,1423,542,62,NA,1,41.5474452554745,NA,2.88681757656458,46.6165413533835
89,2020-05-25,60.4,60.4,15.3846153846154,38.4615384615385,14.1225609440505,1401,358,56,NA,1,40.9051094890511,NA,1.90679094540613,42.1052631578947
90,2020-05-26,60.4,60.4,NA,NA,NA,1374,397,63,NA,1,40.1167883211679,NA,2.11451398135819,47.3684210526316
91,2020-05-27,60.4,60.4,23.0769230769231,38.4615384615385,38.6645444357682,1327,411,52,NA,1,38.7445255474453,NA,2.18908122503329,39.0977443609023
92,2020-05-28,60.4,60.4,13.3333333333333,33.3333333333333,9.08326716412447,1259,384,77,NA,1,36.7591240875912,NA,2.04527296937417,57.8947368421053
93,2020-05-29,56.2,56.2,NA,NA,NA,1192,382,60,NA,1,34.8029197080292,NA,2.03462050599201,45.1127819548872
94,2020-05-30,56.2,56.2,NA,NA,NA,1193,367,35,NA,1,34.8321167883212,NA,1.95472703062583,26.3157894736842
95,2020-05-31,56.2,56.2,NA,NA,NA,1180,247,40,NA,1,34.4525547445255,NA,1.3155792276964,30.0751879699248
96,2020-06-01,56.2,56.2,13.3333333333333,26.6666666666667,25.8590281356398,1169,254,38,NA,1,34.1313868613139,NA,1.35286284953395,28.5714285714286
97,2020-06-02,56.2,56.2,0,41.1764705882353,8.6641478184359,1140,229,37,NA,1,33.2846715328467,NA,1.21970705725699,27.8195488721804
98,2020-06-03,56.2,56.2,NA,NA,NA,1076,234,32,NA,1,31.4160583941606,NA,1.24633821571238,24.0601503759398
99,2020-06-04,56.2,56.2,20,20,23.1065820986115,1024,236,15,NA,1,29.8978102189781,NA,1.25699067909454,11.2781954887218
100,2020-06-05,56.2,56.2,NA,NA,NA,976,236,26,NA,1,28.4963503649635,NA,1.25699067909454,19.5488721804511
101,2020-06-06,56.2,56.2,NA,NA,NA,966,212,25,NA,1,28.2043795620438,NA,1.12916111850866,18.796992481203
102,2020-06-07,56.2,56.2,NA,NA,NA,976,157,19,NA,1,28.4963503649635,NA,0.836218375499334,14.2857142857143
103,2020-06-08,56.2,56.2,12.5,12.5,30.6325759536256,961,118,12,NA,1,28.0583941605839,NA,0.62849533954727,9.02255639097744
104,2020-06-09,56.2,56.2,15,35,20.7871249179929,914,171,16,NA,1,26.6861313868613,NA,0.910785619174434,12.0300751879699
105,2020-06-10,56.2,56.2,NA,NA,NA,871,155,12,NA,1,25.4306569343066,NA,0.825565912117177,9.02255639097744
106,2020-06-11,56.2,56.2,7.14285714285714,35.7142857142857,21.9682865641469,840,141,22,NA,1,24.5255474452555,NA,0.750998668442077,16.5413533834586
107,2020-06-12,56.2,56.2,NA,NA,NA,788,151,15,NA,1,23.007299270073,NA,0.804260985352863,11.2781954887218
108,2020-06-13,56.2,56.2,NA,NA,NA,769,106,14,NA,1,22.4525547445255,NA,0.564580559254328,10.5263157894737
109,2020-06-14,56.2,56.2,NA,NA,NA,771,84,10,NA,1,22.5109489051095,NA,0.447403462050599,7.5187969924812
110,2020-06-15,51.9,51.9,NA,NA,NA,718,91,15,NA,1,20.963503649635,NA,0.484687083888149,11.2781954887218
111,2020-06-16,51.9,51.9,NA,NA,NA,690,100,10,NA,1,20.1459854014599,NA,0.532623169107856,7.5187969924812
112,2020-06-17,51.9,51.9,NA,NA,15.8138307742997,637,115,5,NA,1,18.5985401459854,NA,0.612516644474035,3.7593984962406
113,2020-06-18,51.9,51.9,NA,NA,NA,574,103,8,NA,1,16.7591240875912,NA,0.548601864181092,6.01503759398496
114,2020-06-19,51.9,51.9,NA,NA,NA,529,96,8,NA,1,15.4452554744526,NA,0.511318242343542,6.01503759398496
115,2020-06-20,51.9,51.9,NA,NA,NA,521,89,6,NA,1,15.2116788321168,NA,0.474034620505992,4.51127819548872
116,2020-06-21,51.9,51.9,NA,NA,NA,520,75,7,NA,1,15.1824817518248,NA,0.399467376830892,5.26315789473684
117,2020-06-22,48.3,48.3,NA,NA,NA,515,67,10,NA,1,15.036496350365,NA,0.356857523302264,7.5187969924812
118,2020-06-23,48.3,48.3,NA,NA,NA,500,77,11,NA,1,14.5985401459854,NA,0.410119840213049,8.27067669172932
119,2020-06-24,48,48,NA,NA,NA,487,82,10,NA,1,14.2189781021898,NA,0.436750998668442,7.5187969924812
120,2020-06-25,48,48,NA,NA,NA,478,69,6,NA,1,13.956204379562,NA,0.367509986684421,4.51127819548872
121,2020-06-26,43,43,NA,NA,NA,459,61,6,NA,1,13.4014598540146,NA,0.324900133155792,4.51127819548872
122,2020-06-27,43,43,NA,NA,NA,456,74,6,NA,1,13.3138686131387,NA,0.394141145139814,4.51127819548872
123,2020-06-28,43,43,NA,NA,NA,456,52,3,NA,1,13.3138686131387,NA,0.276964047936085,2.25563909774436
124,2020-06-29,43,43,NA,NA,NA,436,33,8,NA,1,12.7299270072993,NA,0.175765645805593,6.01503759398496
125,2020-06-30,43,43,16.6666666666667,8.33333333333333,22.1417110915584,423,87,9,NA,1,12.3503649635037,NA,0.463382157123835,6.76691729323308
126,2020-07-01,43,43,NA,NA,NA,412,83,5,NA,1,12.029197080292,NA,0.442077230359521,3.7593984962406
127,2020-07-02,43,43,NA,NA,NA,393,70,5,NA,1,11.4744525547445,NA,0.372836218375499,3.7593984962406
128,2020-07-03,43,43,NA,NA,15.9349385315678,376,87,3,NA,1,10.978102189781,NA,0.463382157123835,2.25563909774436
129,2020-07-04,43,43,NA,NA,NA,372,92,6,NA,1,10.8613138686131,NA,0.490013315579228,4.51127819548872
130,2020-07-05,43,43,NA,NA,NA,378,53,1,NA,1,11.036496350365,NA,0.282290279627164,0.75187969924812
131,2020-07-06,43,43,42.8571428571429,14.2857142857143,25.1367251522523,348,65,7,NA,1,10.1605839416058,NA,0.346205059920107,5.26315789473684
132,2020-07-07,43,43,NA,NA,NA,332,105,3,NA,1,9.69343065693431,NA,0.559254327563249,2.25563909774436
133,2020-07-08,43,43,NA,NA,NA,309,123,4,NA,1,9.02189781021898,NA,0.655126498002663,3.00751879699248
134,2020-07-09,43,43,NA,NA,NA,319,121,1,NA,1,9.31386861313869,NA,0.644474034620506,0.75187969924812
135,2020-07-10,43,43,NA,NA,NA,314,97,2,NA,1,9.16788321167883,NA,0.516644474034621,1.50375939849624
136,2020-07-11,43,43,NA,NA,NA,307,108,5,NA,1,8.96350364963504,NA,0.575233022636485,3.7593984962406
137,2020-07-12,43,43,NA,NA,NA,306,74,1,NA,2,8.93430656934307,NA,0.394141145139814,0.75187969924812
138,2020-07-13,43,43,6.89655172413793,13.7931034482759,21.4751576905507,295,137,4,NA,2,8.61313868613139,NA,0.729693741677763,3.00751879699248
139,2020-07-14,43,43,NA,NA,NA,285,123,1,NA,2,8.32116788321168,NA,0.655126498002663,0.75187969924812
140,2020-07-15,43,43,NA,NA,NA,277,155,5,NA,2,8.08759124087591,NA,0.825565912117177,3.7593984962406
141,2020-07-16,43,43,NA,NA,NA,260,137,3,NA,2,7.59124087591241,NA,0.729693741677763,2.25563909774436
142,2020-07-17,43,43,NA,NA,NA,248,177,3,NA,2,7.24087591240876,NA,0.942743009320905,2.25563909774436
143,2020-07-18,45.5,45.5,NA,NA,NA,251,195,0,NA,2,7.32846715328467,NA,1.03861517976032,0
144,2020-07-19,45.5,45.5,NA,NA,NA,251,111,1,NA,2,7.32846715328467,NA,0.59121171770972,0.75187969924812
145,2020-07-20,45.5,45.5,40.9090909090909,11.3636363636364,20.9911873975114,247,144,1,NA,2,7.21167883211679,NA,0.766977363515313,0.75187969924812
146,2020-07-21,45.5,45.5,NA,NA,NA,235,193,1,NA,2,6.86131386861314,NA,1.02796271637816,0.75187969924812
147,2020-07-22,45.5,45.5,NA,NA,NA,221,187,4,NA,2,6.45255474452555,NA,0.996005326231691,3.00751879699248
148,2020-07-23,45.5,45.5,NA,NA,NA,220,161,3,NA,2,6.42335766423358,NA,0.857523302263648,2.25563909774436
149,2020-07-24,45.5,45.5,NA,NA,NA,206,153,0,NA,2,6.01459854014599,NA,0.81491344873502,0
150,2020-07-25,45.5,45.5,NA,NA,NA,197,145,2,NA,2,5.75182481751825,NA,0.772303595206391,1.50375939849624
151,2020-07-26,45.5,45.5,NA,NA,NA,200,106,0,NA,2,5.83941605839416,NA,0.564580559254328,0
152,2020-07-27,45.5,45.5,NA,NA,NA,193,113,1,NA,2,5.63503649635036,NA,0.601864181091877,0.75187969924812
153,2020-07-28,45.5,45.5,NA,NA,NA,190,138,1,NA,2,5.54744525547445,NA,0.735019973368842,0.75187969924812
154,2020-07-29,45.5,45.5,NA,NA,NA,208,173,1,NA,2,6.07299270072993,NA,0.921438082556591,0.75187969924812
155,2020-07-30,45.5,45.5,NA,NA,NA,189,160,4,NA,2,5.51824817518248,NA,0.85219707057257,3.00751879699248
156,2020-07-31,45.5,45.5,NA,NA,NA,177,123,1,NA,2,5.16788321167883,NA,0.655126498002663,0.75187969924812
157,2020-08-01,45.5,45.5,NA,NA,NA,172,123,2,NA,2,5.02189781021898,NA,0.655126498002663,1.50375939849624
158,2020-08-02,45.5,45.5,NA,NA,NA,172,102,1,NA,2,5.02189781021898,NA,0.543275632490013,0.75187969924812
159,2020-08-03,45.5,45.5,33.3333333333333,23.8095238095238,29.9777614485466,169,140,1,NA,2,4.93430656934307,NA,0.745672436750999,0.75187969924812
160,2020-08-04,45.5,45.5,NA,NA,NA,167,148,0,NA,2,4.87591240875912,NA,0.788282290279627,0
161,2020-08-05,45.5,45.5,NA,NA,NA,165,130,2,NA,2,4.81751824817518,NA,0.692410119840213,1.50375939849624
162,2020-08-06,45.5,45.5,NA,NA,NA,152,106,5,NA,2,4.43795620437956,NA,0.564580559254328,3.7593984962406
163,2020-08-07,45.5,45.5,NA,NA,NA,155,124,1,NA,2,4.52554744525547,NA,0.660452729693742,0.75187969924812
164,2020-08-08,45.5,45.5,NA,NA,NA,156,120,2,NA,2,4.55474452554745,NA,0.639147802929427,1.50375939849624
165,2020-08-09,45.5,45.5,NA,NA,NA,157,91,1,NA,2,4.58394160583942,NA,0.484687083888149,0.75187969924812
166,2020-08-10,45.5,45.5,NA,NA,NA,151,82,1,NA,2,4.40875912408759,NA,0.436750998668442,0.75187969924812
167,2020-08-11,45.5,45.5,NA,NA,NA,151,112,3,NA,2,4.40875912408759,NA,0.596537949400799,2.25563909774436
168,2020-08-12,45.5,45.5,NA,NA,NA,149,100,4,NA,2,4.35036496350365,NA,0.532623169107856,3.00751879699248
169,2020-08-13,45.5,45.5,NA,NA,NA,151,83,2,NA,2,4.40875912408759,NA,0.442077230359521,1.50375939849624
170,2020-08-14,45.5,45.5,NA,NA,NA,149,65,1,NA,2,4.35036496350365,NA,0.346205059920107,0.75187969924812
171,2020-08-15,45.5,45.5,NA,NA,NA,149,60,3,NA,2,4.35036496350365,NA,0.319573901464714,2.25563909774436
172,2020-08-16,45.5,45.5,NA,NA,NA,145,48,3,NA,2,4.23357664233577,NA,0.255659121171771,2.25563909774436
173,2020-08-17,45.5,45.5,NA,NA,NA,145,54,2,NA,2,4.23357664233577,NA,0.287616511318242,1.50375939849624
174,2020-08-18,45.5,45.5,NA,NA,NA,146,89,0,NA,2,4.26277372262774,NA,0.474034620505992,0
175,2020-08-19,45.5,45.5,NA,NA,NA,146,93,4,NA,2,4.26277372262774,NA,0.495339547270306,3.00751879699248
176,2020-08-20,45.5,45.5,NA,NA,NA,136,107,3,NA,2,3.97080291970803,NA,0.569906790945406,2.25563909774436
177,2020-08-21,45.5,45.5,NA,NA,NA,124,102,3,NA,2,3.62043795620438,NA,0.543275632490013,2.25563909774436
178,2020-08-22,45.5,45.5,NA,NA,NA,117,89,1,NA,2,3.41605839416058,NA,0.474034620505992,0.75187969924812
179,2020-08-23,45.5,45.5,NA,NA,NA,115,47,3,NA,2,3.35766423357664,NA,0.250332889480692,2.25563909774436
180,2020-08-24,45.5,45.5,NA,NA,NA,118,54,2,NA,2,3.44525547445255,NA,0.287616511318242,1.50375939849624
181,2020-08-25,45.5,45.5,40.9090909090909,18.1818181818182,17.8295336532183,106,126,1,NA,2,3.09489051094891,NA,0.671105193075899,0.75187969924812
182,2020-08-26,45.5,45.5,NA,NA,NA,115,132,1,NA,2,3.35766423357664,NA,0.70306258322237,0.75187969924812
183,2020-08-27,45.5,45.5,29.4117647058824,23.5294117647059,21.3808809067854,117,104,0,NA,2,3.41605839416058,NA,0.55392809587217,0
184,2020-08-28,45.5,45.5,NA,NA,NA,117,131,6,NA,2,3.41605839416058,NA,0.697736351531292,4.51127819548872
185,2020-08-29,45.5,45.5,NA,NA,NA,116,120,3,NA,2,3.38686131386861,NA,0.639147802929427,2.25563909774436
186,2020-08-30,45.5,45.5,NA,NA,NA,112,119,0,NA,2,3.27007299270073,NA,0.633821571238349,0
187,2020-08-31,45.5,45.5,10,20,19.92424875816,110,133,1,NA,2,3.21167883211679,NA,0.708388814913449,0.75187969924812
188,2020-09-01,45.5,45.5,NA,NA,NA,106,186,0,NA,2,3.09489051094891,NA,0.990679094540613,0
189,2020-09-02,49,49,NA,NA,NA,97,168,1,NA,2,2.83211678832117,NA,0.894806924101198,0.75187969924812
190,2020-09-03,49,49,NA,NA,NA,99,218,2,NA,2,2.89051094890511,NA,1.16111850865513,1.50375939849624
191,2020-09-04,49,49,50,25,19.783137518762,91,203,1,NA,2,2.65693430656934,NA,1.08122503328895,0.75187969924812
192,2020-09-05,49,49,NA,NA,NA,99,220,3,NA,2,2.89051094890511,NA,1.17177097203728,2.25563909774436
193,2020-09-06,49,49,NA,NA,NA,102,193,0,NA,2,2.97810218978102,NA,1.02796271637816,0
194,2020-09-07,49,49,NA,NA,NA,102,151,2,NA,2,2.97810218978102,NA,0.804260985352863,1.50375939849624
195,2020-09-08,49,49,45,5,14.7191413183461,110,208,0,NA,2,3.21167883211679,NA,1.10785619174434,0
196,2020-09-09,49,49,NA,NA,NA,116,249,4,NA,2,3.38686131386861,NA,1.32623169107856,3.00751879699248
197,2020-09-10,49,49,19.047619047619,52.3809523809524,17.5853757804744,120,245,2,NA,2,3.5036496350365,NA,1.30492676431425,1.50375939849624
198,2020-09-11,49,49,34.4827586206897,10.3448275862069,22.5695702430861,122,346,0,NA,2,3.56204379562044,NA,1.84287616511318,0
199,2020-09-12,51.1,51.1,NA,NA,NA,121,331,2,NA,2,3.53284671532847,NA,1.762982689747,1.50375939849624
200,2020-09-13,51.1,51.1,NA,NA,NA,121,286,3,NA,2,3.53284671532847,NA,1.52330226364847,2.25563909774436
201,2020-09-14,51.1,51.1,NA,NA,NA,130,253,4,NA,2,3.7956204379562,NA,1.34753661784288,3.00751879699248
202,2020-09-15,51.1,51.1,10.2040816326531,34.6938775510204,43.4880978449117,127,325,2,NA,2,3.70802919708029,NA,1.73102529960053,1.50375939849624
203,2020-09-16,51.1,51.1,NA,NA,NA,133,325,3,NA,2,3.88321167883212,NA,1.73102529960053,2.25563909774436
204,2020-09-17,51.1,51.1,25.8333333333333,22.9166666666667,17.0909195748463,133,362,3,NA,2,3.88321167883212,NA,1.92809587217044,2.25563909774436
205,2020-09-18,51.1,51.1,NA,NA,NA,128,496,7,NA,2,3.73722627737226,NA,2.64181091877497,5.26315789473684
206,2020-09-19,51.1,51.1,NA,NA,NA,135,450,6,NA,2,3.94160583941606,NA,2.39680426098535,4.51127819548872
207,2020-09-20,51.1,51.1,NA,NA,NA,145,502,3,NA,2,4.23357664233577,NA,2.67376830892144,2.25563909774436
208,2020-09-21,51.1,51.1,37.037037037037,33.3333333333333,33.2270068837017,165,510,2,NA,2,4.81751824817518,NA,2.71637816245007,1.50375939849624
209,2020-09-22,51.1,51.1,17.1428571428571,37.1428571428571,28.6460248103527,175,536,4,NA,2,5.10948905109489,NA,2.85486018641811,3.00751879699248
210,2020-09-23,51.1,51.1,53.8461538461538,23.0769230769231,19.3669186529744,184,661,4,NA,2,5.37226277372263,NA,3.52063914780293,3.00751879699248
211,2020-09-24,51.1,51.1,31.0344827586207,27.5862068965517,24.5166636474993,199,738,7,NA,2,5.81021897810219,NA,3.93075898801598,5.26315789473684
212,2020-09-25,51.1,51.1,10,30,20.4547313496599,217,790,2,NA,2,6.33576642335766,NA,4.20772303595206,1.50375939849624
213,2020-09-26,51.1,51.1,NA,NA,NA,213,876,6,NA,2,6.21897810218978,NA,4.66577896138482,4.51127819548872
214,2020-09-27,51.1,51.1,NA,NA,NA,208,922,3,NA,2,6.07299270072993,NA,4.91078561917443,2.25563909774436
215,2020-09-28,51.1,51.1,4.76190476190476,42.8571428571429,29.6808465588549,241,870,7,NA,2,7.03649635036496,NA,4.63382157123835,5.26315789473684
216,2020-09-29,51.1,51.1,16.1290322580645,35.4838709677419,46.0676257002146,252,975,8,NA,2,7.35766423357664,NA,5.1930758988016,6.01503759398496
217,2020-09-30,51.1,51.1,19.2307692307692,46.1538461538462,33.0096481426793,263,1070,9,NA,2,7.67883211678832,NA,5.69906790945406,6.76691729323308
218,2020-10-01,59.1,59.1,21.4285714285714,14.2857142857143,25.9603540189431,285,1115,8,NA,2,8.32116788321168,NA,5.9387483355526,6.01503759398496
219,2020-10-02,59.1,59.1,NA,NA,NA,307,1306,6,NA,2,8.96350364963504,NA,6.9560585885486,4.51127819548872
220,2020-10-03,59.1,59.1,NA,NA,NA,315,1040,10,NA,2,9.1970802919708,NA,5.5392809587217,7.5187969924812
221,2020-10-04,59.1,59.1,NA,NA,NA,342,922,11,NA,2,9.98540145985402,NA,4.91078561917443,8.27067669172932
222,2020-10-05,59.1,59.1,NA,NA,NA,377,807,9,NA,2,11.007299270073,NA,4.2982689747004,6.76691729323308
223,2020-10-06,59.1,59.1,20,60,8.38336525024585,384,1096,13,NA,2,11.2116788321168,NA,5.8375499334221,9.77443609022556
224,2020-10-07,59.1,59.1,20,32,51.1423208115146,399,997,16,NA,2,11.6496350364964,NA,5.31025299600533,12.0300751879699
225,2020-10-08,59.1,59.1,18.75,25,19.5478149854217,404,1102,9,NA,2,11.7956204379562,NA,5.86950732356858,6.76691729323308
226,2020-10-09,59.1,59.1,20,90,6.00410243558277,416,1062,7,NA,2,12.1459854014599,NA,5.65645805592543,5.26315789473684
227,2020-10-10,59.1,59.1,NA,NA,NA,408,965,17,NA,2,11.9124087591241,NA,5.13981358189081,12.781954887218
228,2020-10-11,59.1,59.1,NA,NA,NA,426,982,10,NA,2,12.4379562043796,NA,5.23035952063915,7.5187969924812
229,2020-10-12,59.1,59.1,NA,NA,NA,437,696,8,NA,2,12.7591240875912,NA,3.70705725699068,6.01503759398496
230,2020-10-13,59.1,59.1,25.8064516129032,32.258064516129,18.5110044166309,456,1026,12,NA,2,13.3138686131387,NA,5.4647137150466,9.02255639097744
231,2020-10-14,59.1,59.1,NA,NA,NA,460,1180,17,NA,2,13.4306569343066,NA,6.2849533954727,12.781954887218
232,2020-10-15,59.1,59.1,NA,NA,NA,468,1174,9,NA,2,13.6642335766423,NA,6.25299600532623,6.76691729323308
233,2020-10-16,59.1,59.1,NA,NA,NA,478,1251,22,NA,2,13.956204379562,NA,6.66311584553928,16.5413533834586
234,2020-10-17,59.1,59.1,NA,NA,NA,492,896,8,NA,2,14.3649635036496,NA,4.77230359520639,6.01503759398496
235,2020-10-18,59.1,59.1,NA,NA,NA,498,796,14,NA,2,14.5401459854015,NA,4.23968042609854,10.5263157894737
236,2020-10-19,59.1,59.1,NA,NA,NA,529,882,20,NA,2,15.4452554744526,NA,4.69773635153129,15.0375939849624
237,2020-10-20,59.1,59.1,19.5121951219512,19.5121951219512,52.5211641759473,528,1063,10,NA,2,15.4160583941606,NA,5.66178428761651,7.5187969924812
238,2020-10-21,59.1,59.1,NA,NA,NA,514,973,24,NA,2,15.007299270073,NA,5.18242343541944,18.0451127819549
239,2020-10-22,59.1,59.1,18.4210526315789,42.1052631578947,53.3595489961102,503,921,19,NA,2,14.6861313868613,NA,4.90545938748336,14.2857142857143
240,2020-10-23,59.1,59.1,NA,NA,NA,514,1028,15,NA,2,15.007299270073,NA,5.47536617842876,11.2781954887218
241,2020-10-24,59.1,59.1,NA,NA,NA,517,896,18,NA,2,15.0948905109489,NA,4.77230359520639,13.5338345864662
242,2020-10-25,59.1,59.1,NA,NA,NA,509,895,16,NA,2,14.8613138686131,NA,4.76697736351531,12.0300751879699
243,2020-10-26,59.1,59.1,14.7058823529412,29.4117647058824,46.8653551221877,527,718,20,NA,2,15.3868613138686,NA,3.82423435419441,15.0375939849624
244,2020-10-27,59.1,59.1,NA,NA,NA,526,1072,15,NA,2,15.3576642335766,NA,5.70972037283622,11.2781954887218
245,2020-10-28,59.1,59.1,35,40,11.4209221243019,509,930,23,NA,2,14.8613138686131,NA,4.95339547270306,17.2932330827068
246,2020-10-29,59.1,59.1,32.258064516129,22.5806451612903,32.1043767904152,515,1016,16,NA,2,15.036496350365,NA,5.41145139813582,12.0300751879699
247,2020-10-30,59.1,59.1,NA,NA,NA,504,975,21,NA,2,14.7153284671533,NA,5.1930758988016,15.7894736842105
248,2020-10-31,59.1,59.1,NA,NA,NA,496,1067,28,NA,2,14.4817518248175,NA,5.68308921438083,21.0526315789474
249,2020-11-01,59.1,59.1,NA,NA,NA,499,914,18,NA,2,14.5693430656934,NA,4.86817576564581,13.5338345864662
250,2020-11-02,60.5,60.5,NA,NA,NA,527,829,12,NA,2,15.3868613138686,NA,4.41544607190413,9.02255639097744
251,2020-11-03,60.5,60.5,26.6666666666667,40,38.3294365446023,540,1067,18,NA,2,15.7664233576642,NA,5.68308921438083,13.5338345864662
252,2020-11-04,60.5,60.5,NA,NA,NA,539,1142,21,NA,2,15.7372262773723,NA,6.08255659121172,15.7894736842105
253,2020-11-05,60.5,60.5,44.4444444444444,38.8888888888889,24.7301960378375,540,1337,17,NA,2,15.7664233576642,NA,7.12117177097204,12.781954887218
254,2020-11-06,60.5,60.5,NA,NA,NA,525,1262,26,NA,2,15.3284671532847,NA,6.72170439414115,19.5488721804511
255,2020-11-07,60.5,60.5,NA,NA,NA,528,1273,19,NA,2,15.4160583941606,NA,6.78029294274301,14.2857142857143
256,2020-11-08,60.5,60.5,NA,NA,NA,541,1217,28,NA,2,15.7956204379562,NA,6.48202396804261,21.0526315789474
257,2020-11-09,60.5,60.5,NA,NA,NA,535,1301,27,NA,2,15.6204379562044,NA,6.92942743009321,20.3007518796992
258,2020-11-10,60.5,60.5,33.3333333333333,37.037037037037,21.1805369082871,574,1266,30,NA,2,16.7591240875912,NA,6.74300932090546,22.5563909774436
259,2020-11-11,60.5,60.5,NA,NA,NA,584,1261,27,NA,2,17.051094890511,NA,6.71637816245007,20.3007518796992
260,2020-11-12,60.5,60.5,28.5714285714286,37.1428571428571,49.4337767196315,584,1396,35,NA,2,17.051094890511,NA,7.43541944074567,26.3157894736842
261,2020-11-13,60.5,60.5,NA,NA,NA,584,1416,20,NA,2,17.051094890511,NA,7.54194407456724,15.0375939849624
262,2020-11-14,60.5,60.5,NA,NA,NA,588,1138,28,NA,2,17.1678832116788,NA,6.0612516644474,21.0526315789474
263,2020-11-15,60.5,60.5,NA,NA,NA,592,1110,24,NA,2,17.2846715328467,NA,5.9121171770972,18.0451127819549
264,2020-11-16,60.5,60.5,NA,NA,NA,639,1033,26,NA,2,18.6569343065693,NA,5.50199733688415,19.5488721804511
265,2020-11-17,60.5,60.5,NA,NA,NA,653,1264,29,NA,2,19.0656934306569,NA,6.7323568575233,21.8045112781955
266,2020-11-18,60.5,60.5,NA,NA,NA,653,1248,30,NA,2,19.0656934306569,NA,6.64713715046605,22.5563909774436
267,2020-11-19,60.5,60.5,NA,NA,NA,625,1184,29,NA,2,18.2481751824818,NA,6.30625832223702,21.8045112781955
268,2020-11-20,60.5,60.5,NA,NA,NA,647,1145,20,NA,2,18.8905109489051,NA,6.09853528628495,15.0375939849624
269,2020-11-21,60.5,60.5,NA,NA,NA,643,1091,23,NA,2,18.7737226277372,NA,5.81091877496671,17.2932330827068
270,2020-11-22,60.5,60.5,NA,NA,NA,635,1275,31,NA,2,18.5401459854015,NA,6.79094540612517,23.3082706766917
271,2020-11-23,60.5,60.5,NA,NA,NA,656,987,22,NA,2,19.1532846715328,NA,5.25699067909454,16.5413533834586
272,2020-11-24,60.5,60.5,29.7297297297297,45.945945945946,38.6517261011335,655,1278,34,NA,2,19.1240875912409,NA,6.8069241011984,25.5639097744361
273,2020-11-25,60.5,60.5,0,50,NA,675,1430,24,NA,2,19.7080291970803,NA,7.61651131824234,18.0451127819549
274,2020-11-26,60.5,60.5,20.8333333333333,20.8333333333333,26.8423647156632,669,1374,23,NA,2,19.5328467153285,NA,7.31824234354194,17.2932330827068
275,2020-11-27,60.5,60.5,NA,NA,NA,678,1415,21,NA,2,19.7956204379562,NA,7.53661784287617,15.7894736842105
276,2020-11-28,60.5,60.5,NA,NA,NA,665,1273,30,NA,2,19.4160583941606,NA,6.78029294274301,22.5563909774436
277,2020-11-29,60.5,60.5,NA,NA,NA,693,1247,34,NA,2,20.2335766423358,NA,6.64181091877497,25.5639097744361
278,2020-11-30,60.5,60.5,NA,NA,NA,720,1411,31,NA,2,21.021897810219,NA,7.51531291611185,23.3082706766917
279,2020-12-01,60.5,60.5,3.57142857142857,17.8571428571429,58.402259929743,740,1588,23,NA,2,21.6058394160584,NA,8.45805592543276,17.2932330827068
280,2020-12-02,60.5,60.5,NA,NA,NA,738,1607,33,NA,2,21.5474452554745,NA,8.55925432756325,24.812030075188
281,2020-12-03,60.5,60.5,22.2222222222222,29.6296296296296,35.9990054809288,762,1711,38,NA,2,22.2481751824818,NA,9.11318242343542,28.5714285714286
282,2020-12-04,60.5,60.5,NA,NA,NA,755,1594,36,NA,2,22.043795620438,NA,8.49001331557923,27.0676691729323
283,2020-12-05,60.5,60.5,NA,NA,NA,778,1703,31,NA,2,22.7153284671533,NA,9.07057256990679,23.3082706766917
284,2020-12-06,60.5,60.5,NA,NA,NA,818,1499,27,NA,2,23.8832116788321,NA,7.98402130492676,20.3007518796992
285,2020-12-07,60.5,60.5,33.3333333333333,16.6666666666667,0,835,1495,35,NA,2,24.3795620437956,NA,7.96271637816245,26.3157894736842
286,2020-12-08,60.5,60.5,0,50,3.79724996980833,844,1750,39,NA,2,24.6423357664234,NA,9.32090545938748,29.3233082706767
287,2020-12-09,60.5,60.5,18.75,34.375,53.0073561516033,848,1798,29,NA,2,24.7591240875912,NA,9.57656458055926,21.8045112781955
288,2020-12-10,60.5,60.5,20,40,5.189463537084,871,1821,30,NA,2,25.4306569343066,NA,9.69906790945406,22.5563909774436
289,2020-12-11,60.5,60.5,30.3030303030303,27.2727272727273,22.2687894090582,860,2006,40,NA,2,25.1094890510949,NA,10.6844207723036,30.0751879699248
290,2020-12-12,60.5,60.5,NA,NA,NA,880,1868,36,NA,2,25.6934306569343,NA,9.94940079893475,27.0676691729323
291,2020-12-13,60.5,60.5,NA,NA,NA,890,1686,32,NA,2,25.985401459854,NA,8.98002663115846,24.0601503759398
292,2020-12-14,60.5,60.5,NA,NA,NA,959,1885,40,311,2,28,0.245978138791781,10.0399467376831,30.0751879699248
293,2020-12-15,60.5,60.5,12.5,20.8333333333333,12.1866927648202,976,1868,36,1189,2,28.4963503649635,0.940411598146068,9.94940079893475,27.0676691729323
294,2020-12-16,60.5,60.5,NA,NA,NA,1002,2126,31,971,2,29.2554744525547,0.767989623044434,11.323568575233,23.3082706766917
295,2020-12-17,64.7,64.7,NA,NA,NA,1012,2194,44,914,2,29.5474452554745,0.722906813040796,11.6857523302264,33.0827067669173
296,2020-12-18,64.7,64.7,13.3333333333333,16.6666666666667,34.388150796463,1005,2029,34,742,2,29.3430656934307,0.586867456538589,10.8069241011984,25.5639097744361
297,2020-12-19,64.7,64.7,NA,NA,NA,1011,2166,31,718,2,29.5182481751825,0.567885220747584,11.5366178428762,23.3082706766917
298,2020-12-20,64.7,64.7,NA,NA,NA,1049,1996,34,114,2,30.6277372262774,0.0901656200072765,10.6311584553928,25.5639097744361
299,2020-12-21,64.7,64.7,NA,NA,NA,1056,2004,40,522,2,30.8321167883212,0.412863628454371,10.6737683089214,30.0751879699248
300,2020-12-22,64.7,64.7,NA,NA,NA,1068,2208,60,2030,2,31.1824817518248,1.60558077732256,11.7603195739015,45.1127819548872
301,2020-12-23,64.7,64.7,NA,NA,NA,1053,2377,48,3766,2,30.7445255474453,2.97862916620529,12.6604527296937,36.0902255639098
302,2020-12-24,64.7,64.7,NA,NA,NA,959,2417,39,3024,2,28,2.3917617096667,12.8735019973369,29.3233082706767
303,2020-12-25,75.1,75.1,NA,NA,NA,928,2323,47,0,2,27.0948905109489,0,12.3728362183755,35.3383458646617
304,2020-12-26,75.1,75.1,NA,NA,NA,1085,2060,46,3127,2,31.6788321167883,2.47322713826977,10.9720372836218,34.5864661654135
305,2020-12-27,75.1,75.1,NA,NA,NA,1124,2240,44,2283,2,32.8175182481752,1.80568517961941,11.930758988016,33.0827067669173
306,2020-12-28,75.1,75.1,NA,NA,NA,1133,2149,41,2533,2,33.0802919708029,2.00341680244238,11.4460719041278,30.8270676691729
307,2020-12-29,75.1,75.1,21.4285714285714,7.14285714285714,15.5030686926034,1211,3105,44,2362,2,35.3576642335766,1.86816837243147,16.5379494007989,33.0827067669173
308,2020-12-30,75.1,75.1,NA,NA,NA,1175,3009,54,3065,2,34.3065693430657,2.42418969580967,16.0266311584554,40.6015037593985
309,2020-12-31,75.1,75.1,NA,NA,NA,1117,2556,38,343,2,32.6131386861314,0.271287786513121,13.6138482023968,28.5714285714286
310,2021-01-01,75.1,75.1,NA,NA,NA,1075,2430,32,9,2,31.3868613138686,0.0071183384216271,12.9427430093209,24.0601503759398
311,2021-01-02,75.1,75.1,NA,NA,NA,1225,2289,45,635,2,35.7664233576642,0.502238321970356,12.1917443408788,33.8345864661654
312,2021-01-03,75.1,75.1,NA,NA,NA,1294,2343,43,1540,2,37.7810218978102,1.21802679658952,12.4793608521971,32.3308270676692
313,2021-01-04,75.1,75.1,NA,NA,NA,1317,2514,49,2797,2,38.4525547445255,2.21222139614344,13.3901464713715,36.8421052631579
314,2021-01-05,75.1,75.1,NA,NA,NA,1393,2637,54,5990,2,40.6715328467153,4.73764968283848,14.0452729693742,40.6015037593985
315,2021-01-06,75.1,75.1,11.6279069767442,32.5581395348837,39.6075882230843,1380,2653,41,10782,2,40.2919708029197,8.52776942910926,14.1304926764314,30.8270676691729
316,2021-01-07,75.1,75.1,NA,NA,NA,1403,2799,47,13771,2,40.963503649635,10.8918487115807,14.9081225033289,35.3383458646617
317,2021-01-08,83.4,83.4,NA,NA,NA,1392,2526,48,13421,2,40.6423357664234,10.6150244396286,13.4540612516644,36.0902255639098
318,2021-01-09,83.4,83.4,NA,NA,NA,1380,1986,50,8780,2,40.2919708029197,6.94433459354288,10.577896138482,37.593984962406
319,2021-01-10,83.4,83.4,NA,NA,NA,1438,2242,39,7084,2,41.985401459854,5.60292326431181,11.9414114513981,29.3233082706767
320,2021-01-11,77.9,77.9,NA,NA,NA,1499,1842,47,7376,2,43.7664233576642,5.83387379976905,9.81091877496671,35.3383458646617
321,2021-01-12,77.9,77.9,NA,NA,NA,1516,2167,52,7977,2,44.2627737226277,6.30922062103548,11.5419440745672,39.0977443609023
322,2021-01-13,77.9,77.9,NA,NA,NA,1525,2053,63,9171,2,44.5255474452555,7.25358685163801,10.9347536617843,47.3684210526316
323,2021-01-14,77.9,77.9,33.3333333333333,33.3333333333333,3.86276590238601,1497,1966,52,11853,2,43.7080291970803,9.37485170128288,10.4713715046605,39.0977443609023
324,2021-01-15,77.9,77.9,NA,NA,NA,1475,2009,50,11199,2,43.0656934306569,8.85758577597798,10.7003994673768,37.593984962406
325,2021-01-16,77.9,77.9,NA,NA,NA,1460,1782,47,8450,2,42.6277372262774,6.68332885141655,9.491344873502,35.3383458646617
326,2021-01-17,77.9,77.9,NA,NA,NA,1492,1376,44,7136,2,43.5620437956204,5.64405144185899,7.3288948069241,33.0827067669173
327,2021-01-18,77.9,77.9,NA,NA,NA,1500,1377,52,10650,2,43.7956204379562,8.42336713225873,7.33422103861518,39.0977443609023
328,2021-01-19,77.9,77.9,NA,NA,NA,1468,1578,45,10360,2,42.8613138686131,8.19399844978408,8.40479360852197,33.8345864661654
329,2021-01-20,77.9,77.9,NA,NA,NA,1453,1614,60,11478,2,42.4233576642336,9.07825426704842,8.5965379494008,45.1127819548872
330,2021-01-21,77.9,77.9,20,24,28.2036589584826,1426,1676,40,13787,2,41.6350364963504,10.9045035354414,8.92676431424767,30.0751879699248
331,2021-01-22,77.9,77.9,NA,NA,NA,1383,1500,58,11923,2,40.3795620437956,9.43021655567332,7.98934753661784,43.609022556391
332,2021-01-23,77.9,77.9,NA,NA,NA,1327,1390,50,8502,2,38.7445255474453,6.72445702896373,7.4034620505992,37.593984962406
333,2021-01-24,77.9,77.9,NA,NA,NA,1321,1148,53,2084,2,38.5693430656934,1.64829080785232,6.11451398135819,39.8496240601504
334,2021-01-25,77.9,77.9,NA,NA,NA,1325,1178,24,4493,2,38.6861313868613,3.5536327253745,6.27430093209055,18.0451127819549
335,2021-01-26,77.9,77.9,NA,NA,NA,1290,1353,40,4125,2,37.6642335766423,3.26257177657908,7.20639147802929,30.0751879699248
336,2021-01-27,77.9,77.9,NA,NA,NA,1264,1268,43,3792,2,36.9051094890511,2.99919325497888,6.75366178428762,32.3308270676692
337,2021-01-28,77.9,77.9,43.2432432432432,27.027027027027,22.873051734286,1217,1314,33,3384,2,35.5328467153285,2.67649524653179,6.99866844207723,24.812030075188
338,2021-01-29,77.9,77.9,22.7272727272727,50,12.7074168003727,1163,1280,34,2286,2,33.956204379562,1.80805795909328,6.81757656458056,25.5639097744361
339,2021-01-30,77.9,77.9,NA,NA,NA,1136,1213,28,600,2,33.1678832116788,0.47455589477514,6.4607190412783,21.0526315789474
340,2021-01-31,77.9,77.9,NA,NA,NA,1144,918,34,793,2,33.4014598540146,0.627204707594476,4.88948069241012,25.5639097744361
341,2021-02-01,77.9,77.9,NA,NA,NA,1110,890,23,428,2,32.4087591240876,0.338516538272933,4.74034620505992,17.2932330827068
342,2021-02-02,77.9,77.9,9.67741935483871,16.1290322580645,47.1425909632007,1106,1180,35,725,2,32.2919708029197,0.573421706186627,6.2849533954727,26.3157894736842
343,2021-02-03,77.9,77.9,NA,NA,NA,1070,1108,30,2997,2,31.2408759124088,2.37040669440182,5.90146471371505,22.5563909774436
344,2021-02-04,77.9,77.9,NA,NA,NA,1040,1007,30,5146,2,30.3649635036496,4.07010772418811,5.36351531291611,22.5563909774436
345,2021-02-05,77.9,77.9,NA,NA,NA,982,1235,25,5080,2,28.6715328467153,4.01790657576285,6.57789613848202,18.796992481203
346,2021-02-06,77.9,77.9,NA,NA,NA,963,1080,22,3260,2,28.1167883211679,2.57842036161159,5.75233022636485,16.5413533834586
347,2021-02-07,77.9,77.9,NA,NA,NA,969,821,24,2324,2,28.2919708029197,1.83811316576237,4.3728362183755,18.0451127819549
348,2021-02-08,65.4,65.4,NA,NA,NA,940,751,21,3506,2,27.4452554744526,2.7729882784694,4,15.7894736842105
349,2021-02-09,65.4,65.4,37.5,28.125,22.3548729774571,918,931,24,3657,2,26.8029197080292,2.89241817865448,4.95872170439414,18.0451127819549
350,2021-02-10,65.4,65.4,NA,NA,NA,874,1154,24,5904,2,25.5182481751825,4.66963000458737,6.14647137150466,18.0451127819549
351,2021-02-11,65.4,65.4,44,36,21.0185808187982,849,973,23,9897,2,24.7883211678832,7.82779948431593,5.18242343541944,17.2932330827068
352,2021-02-12,65.4,65.4,NA,NA,NA,812,1036,15,10286,2,23.7080291970803,8.13546988942848,5.51797603195739,11.2781954887218
353,2021-02-13,65.4,65.4,NA,NA,NA,805,816,15,1661,2,23.5036496350365,1.31372890203584,4.34620505992011,11.2781954887218
354,2021-02-14,65.4,65.4,NA,NA,NA,804,717,18,942,2,23.4744525547445,0.745052754796969,3.81890812250333,13.5338345864662
355,2021-02-15,65.4,65.4,NA,NA,NA,771,668,15,3049,2,22.5109489051095,2.411534871949,3.55792276964048,11.2781954887218
356,2021-02-16,65.4,65.4,39.2857142857143,25,29.7163608349624,766,808,11,2012,2,22.3649635036496,1.5913441004793,4.30359520639148,8.27067669172932
357,2021-02-17,65.4,65.4,16.6666666666667,50,6.88035267934615,747,791,16,2666,2,21.8102189781022,2.1086100257842,4.21304926764314,12.0300751879699
358,2021-02-18,65.4,65.4,NA,NA,NA,723,859,14,11949,2,21.1094890510949,9.4507806444469,4.57523302263648,10.5263157894737
359,2021-02-19,65.4,65.4,NA,NA,NA,700,756,9,18426,2,20.4379562043796,14.5736115285445,4.02663115845539,6.76691729323308
360,2021-02-20,65.4,65.4,NA,NA,NA,686,753,15,14899,2,20.029197080292,11.784013793758,4.01065246338216,11.2781954887218
361,2021-02-21,65.4,65.4,NA,NA,NA,689,794,11,9225,2,20.1167883211679,7.29629688216777,4.22902796271638,8.27067669172932
362,2021-02-22,65.4,65.4,NA,NA,NA,680,620,9,12044,2,19.8540145985401,9.52591866111963,3.30226364846871,6.76691729323308
363,2021-02-23,65.4,65.4,NA,NA,NA,655,808,13,10817,2,19.1240875912409,8.55545185630447,4.30359520639148,9.77443609022556
364,2021-02-24,65.4,65.4,NA,NA,NA,633,842,13,9954,2,18.4817518248175,7.87288229431957,4.48468708388815,9.77443609022556
365,2021-02-25,65.4,65.4,NA,NA,NA,620,774,6,14284,2,18.1021897810219,11.2975940016135,4.12250332889481,4.51127819548872
366,2021-02-26,65.4,65.4,NA,NA,NA,599,878,10,17436,2,17.4890510948905,13.7905943021656,4.67643142476698,7.5187969924812
367,2021-02-27,65.4,65.4,NA,NA,NA,601,666,9,13075,2,17.5474452554745,10.3413638736416,3.54727030625832,6.76691729323308
368,2021-02-28,65.4,65.4,NA,NA,NA,612,573,6,6742,2,17.8686131386861,5.33242640428999,3.05193075898802,4.51127819548872
369,2021-03-01,65.4,65.4,NA,NA,NA,628,527,9,18609,2,18.3357664233577,14.718351076451,2.8069241011984,6.76691729323308
370,2021-03-02,65.4,65.4,NA,NA,NA,618,825,10,17885,2,18.043795620438,14.1457202967556,4.39414114513981,7.5187969924812
371,2021-03-03,65.4,65.4,NA,NA,NA,626,737,12,18532,2,18.2773722627737,14.6574497366215,3.9254327563249,9.02255639097744
372,2021-03-04,65.4,65.4,NA,NA,NA,617,865,10,19503,2,18.014598540146,15.4254393596659,4.60719041278296,7.5187969924812
373,2021-03-05,65.4,65.4,NA,NA,NA,601,737,9,20388,2,17.5474452554745,16.1254093044592,3.9254327563249,6.76691729323308
374,2021-03-06,65.4,65.4,NA,NA,NA,592,688,10,15785,2,17.2846715328467,12.4847746650426,3.66444740346205,7.5187969924812
375,2021-03-07,65.4,65.4,NA,NA,NA,590,579,8,15619,2,17.2262773722628,12.3534808674882,3.08388814913449,6.01503759398496
376,2021-03-08,65.4,65.4,NA,NA,NA,576,596,9,17003,2,16.8175182481752,13.4481231314362,3.17443408788282,6.76691729323308
377,2021-03-09,65.4,65.4,35.2941176470588,35.2941176470588,24.9648521862693,581,743,8,18889,2,16.963503649635,14.9398104940127,3.95739014647137,6.01503759398496
378,2021-03-10,65.4,65.4,NA,NA,NA,563,715,9,19837,2,16.4379562043796,15.6896088077574,3.80825565912117,6.76691729323308
379,2021-03-11,65.4,65.4,NA,NA,NA,550,922,12,30320,2,16.0583941605839,23.9808912159704,4.91078561917443,9.02255639097744
380,2021-03-12,65.4,65.4,NA,NA,NA,551,818,2,34584,2,16.0875912408759,27.353401774839,4.35685752330226,1.50375939849624
381,2021-03-13,65.4,65.4,NA,NA,NA,547,640,9,34300,2,15.970802919708,27.1287786513121,3.40878828229028,6.76691729323308
382,2021-03-14,65.4,65.4,NA,NA,NA,553,571,8,28615,2,16.1459854014599,22.6323615483177,3.04127829560586,6.01503759398496
383,2021-03-15,65.4,65.4,NA,NA,NA,533,664,13,30684,2,15.5620437956204,24.2687884588006,3.53661784287616,9.77443609022556
384,2021-03-16,65.4,65.4,45,35,11.5628149194567,532,1054,5,30412,2,15.5328467153285,24.0536564531692,5.6138482023968,3.7593984962406
385,2021-03-17,65.4,65.4,NA,NA,NA,519,916,5,27953,2,15.1532846715328,22.1087682110825,4.87882822902796,3.7593984962406
386,2021-03-18,65.4,65.4,NA,NA,NA,504,826,6,40709,2,14.7153284671533,32.1978265340019,4.39946737683089,4.51127819548872
387,2021-03-19,65.4,65.4,NA,NA,NA,505,791,5,42609,2,14.7445255474453,33.7005868674565,4.21304926764314,3.7593984962406
388,2021-03-20,65.4,65.4,NA,NA,NA,501,600,10,29017,2,14.6277372262774,22.950313997817,3.19573901464714,7.5187969924812
389,2021-03-21,65.4,65.4,NA,NA,NA,513,491,7,21473,3,14.978102189781,16.983564547511,2.61517976031957,5.26315789473684
390,2021-03-22,65.4,65.4,NA,NA,NA,519,1075,5,27003,3,15.1532846715328,21.3573880443552,5.72569906790945,3.7593984962406
391,2021-03-23,65.4,65.4,33.3333333333333,53.3333333333333,13.8867035867709,508,969,3,33440,3,14.8321167883212,26.4485818688011,5.16111850865513,2.25563909774436
392,2021-03-24,65.4,65.4,50,100,2.71816402147009,496,1033,8,41428,3,14.4817518248175,32.7665026812408,5.50199733688415,6.01503759398496
393,2021-03-25,65.4,65.4,NA,NA,NA,481,820,10,56100,3,14.043795620438,44.3709761614756,4.36750998668442,7.5187969924812
394,2021-03-26,65.4,65.4,NA,NA,NA,481,899,7,54886,3,14.043795620438,43.4107914010472,4.78828229027963,5.26315789473684
395,2021-03-27,61.2,61.2,NA,NA,NA,480,942,4,46346,3,14.014598540146,36.6562791654144,5.01731025299601,3.00751879699248
396,2021-03-28,61.2,61.2,NA,NA,NA,477,860,4,39238,3,13.9270072992701,31.0343736653115,4.58055925432756,3.00751879699248
397,2021-03-29,61.2,61.2,NA,NA,NA,487,986,6,44139,3,14.2189781021898,34.9107043991331,5.25166444740346,4.51127819548872
398,2021-03-30,61.2,61.2,26.9230769230769,19.2307692307692,25.3949160195535,485,1264,9,43390,3,14.1605839416058,34.3183004571555,6.7323568575233,6.76691729323308
399,2021-03-31,61.2,61.2,24.1379310344828,31.0344827586207,42.4254438176078,487,1151,4,42191,3,14.2189781021898,33.3699795940965,6.13049267643142,3.00751879699248
400,2021-04-01,61.2,61.2,NA,NA,NA,503,1305,8,49555,3,14.6861313868613,39.1943622759701,6.95073235685752,6.01503759398496
401,2021-04-02,61.2,61.2,NA,NA,NA,501,1331,7,47617,3,14.6277372262774,37.6615467358464,7.08921438082557,5.26315789473684
402,2021-04-03,61.2,61.2,NA,NA,NA,502,1244,4,41503,3,14.6569343065693,32.8258221680877,6.62583222370173,3.00751879699248
403,2021-04-04,61.2,61.2,NA,NA,NA,503,1108,7,22728,3,14.6861313868613,17.9761772940823,5.90146471371505,5.26315789473684
404,2021-04-05,61.2,61.2,NA,NA,NA,514,1220,10,40372,3,15.007299270073,31.9312843064366,6.49800266311585,7.5187969924812
405,2021-04-06,65.4,65.4,NA,NA,NA,543,1942,4,44262,3,15.8540145985401,35.007988357562,10.3435419440746,3.00751879699248
406,2021-04-07,65.4,65.4,NA,NA,NA,566,1612,6,48449,3,16.5255474452555,38.3195975766012,8.58588548601864,4.51127819548872
407,2021-04-08,65.4,65.4,NA,NA,NA,569,2272,12,71213,3,16.6131386861314,56.32424822437,12.1011984021305,9.02255639097744
408,2021-04-09,65.4,65.4,NA,NA,NA,583,1903,6,75778,3,17.021897810219,59.9348276571176,10.1358189081225,4.51127819548872
409,2021-04-10,65.4,65.4,NA,NA,NA,608,1658,7,61962,3,17.7518248175182,49.0073872534287,8.83089214380826,5.26315789473684
410,2021-04-11,65.4,65.4,NA,NA,NA,630,1413,9,56029,3,18.3941605839416,44.3148203805938,7.52596537949401,6.76691729323308
411,2021-04-12,65.4,65.4,NA,NA,NA,643,1418,7,60040,3,18.7737226277372,47.4872265371656,7.5525965379494,5.26315789473684
412,2021-04-13,65.4,65.4,39.2857142857143,39.2857142857143,23.5649882475563,660,1542,11,70697,3,19.2700729927007,55.9161301548634,8.21304926764314,8.27067669172932
413,2021-04-14,65.4,65.4,NA,NA,NA,661,1555,9,71119,3,19.2992700729927,56.2499011341886,8.28229027962716,6.76691729323308
414,2021-04-15,65.4,65.4,23.0769230769231,0,5.87568645158297,664,1682,6,77941,3,19.3868613138686,61.6456016577819,8.95872170439414,4.51127819548872
415,2021-04-16,65.4,65.4,NA,NA,NA,692,1432,13,74007,3,20.2043795620438,58.5340968410396,7.6271637816245,9.77443609022556
416,2021-04-17,65.4,65.4,NA,NA,NA,683,1230,13,60762,3,19.9416058394161,48.0582754638784,6.55126498002663,9.77443609022556
417,2021-04-18,65.4,65.4,NA,NA,NA,686,1056,11,41190,3,20.029197080292,32.5782621763133,5.62450066577896,8.27067669172932
418,2021-04-19,65.4,65.4,NA,NA,NA,694,1154,11,49040,3,20.2627737226277,38.7870351329547,6.14647137150466,8.27067669172932
419,2021-04-20,65.4,65.4,16.6666666666667,38.8888888888889,9.45694565803134,716,1273,6,56347,3,20.9051094890511,44.5663350048247,6.78029294274301,4.51127819548872
420,2021-04-21,65.4,65.4,NA,NA,NA,711,1135,3,88348,3,20.7591240875912,69.8767736526567,6.04527296937417,2.25563909774436
421,2021-04-22,65.4,65.4,16.25,71.25,19.1394766498117,684,1057,15,90155,3,19.970802919708,71.3059778224212,5.62982689747004,11.2781954887218
422,2021-04-23,65.4,65.4,NA,NA,NA,662,1234,11,85418,3,19.3284671532847,67.5593590331715,6.57256990679095,8.27067669172932
423,2021-04-24,65.4,65.4,NA,NA,NA,654,840,14,64838,3,19.0948905109489,51.2820918423842,4.47403462050599,10.5263157894737
424,2021-04-25,65.4,65.4,NA,NA,NA,664,904,10,42324,3,19.3868613138686,33.4751728174383,4.81491344873502,7.5187969924812
425,2021-04-26,65.4,65.4,NA,NA,NA,667,1037,11,46912,3,19.4744525547445,37.1039435594856,5.52330226364847,8.27067669172932
426,2021-04-27,65.4,65.4,50,28.5714285714286,3.38033039885946,643,1104,13,51977,3,18.7737226277372,41.1099862378791,5.88015978695073,9.77443609022556
427,2021-04-28,65.4,65.4,NA,NA,NA,623,1140,12,71225,3,18.1897810218978,56.3337393422655,6.07190412782956,9.02255639097744
428,2021-04-29,65.4,65.4,22.2222222222222,22.2222222222222,9.54003161428871,592,1100,12,64793,3,17.2846715328467,51.246500150276,5.85885486018642,9.02255639097744
429,2021-04-30,65.4,65.4,NA,NA,NA,578,1113,12,64628,3,16.8759124087591,51.1159972792129,5.92809587217044,9.02255639097744
430,2021-05-01,65.4,65.4,NA,NA,NA,574,895,8,50683,3,16.7591240875912,40.0865273581473,4.76697736351531,6.01503759398496
431,2021-05-02,65.4,65.4,NA,NA,NA,588,836,8,38711,3,17.1678832116788,30.6175554044007,4.45272969374168,6.01503759398496
432,2021-05-03,65.4,65.4,NA,NA,NA,594,855,4,52483,3,17.3430656934307,41.5101950424728,4.55392809587217,3.00751879699248
433,2021-05-04,65.4,65.4,26.6666666666667,46.6666666666667,8.03238704000828,588,885,8,57650,3,17.1678832116788,45.596912222978,4.71371504660453,6.01503759398496
434,2021-05-05,65.4,65.4,NA,NA,NA,580,927,2,81174,3,16.9343065693431,64.2026670041286,4.93741677762983,1.50375939849624
435,2021-05-06,65.4,65.4,60,40,2.28003889958839,574,1015,6,105637,3,16.7591240875912,83.5511017606024,5.40612516644474,4.51127819548872
436,2021-05-07,65.4,65.4,NA,NA,NA,547,1022,6,91360,3,15.970802919708,72.2590442444279,5.44340878828229,4.51127819548872
437,2021-05-08,65.4,65.4,NA,NA,NA,539,718,7,76658,3,15.7372262773723,60.6308429694544,3.82423435419441,5.26315789473684
438,2021-05-09,65.4,65.4,NA,NA,NA,543,683,7,63215,3,15.8540145985401,49.9984181470174,3.63781624500666,5.26315789473684
439,2021-05-10,62.6,62.6,NA,NA,NA,540,729,3,62852,3,15.7664233576642,49.7113118306785,3.88282290279627,2.25563909774436
440,2021-05-11,62.6,62.6,21.0526315789474,57.8947368421053,19.5472801614823,530,818,7,75969,3,15.4744525547445,60.0858946169543,4.35685752330226,5.26315789473684
441,2021-05-12,62.6,62.6,NA,NA,NA,520,867,8,97000,3,15.1824817518248,76.7198696553142,4.61784287616511,6.01503759398496
442,2021-05-13,62.6,62.6,NA,NA,NA,530,892,6,114666,3,15.4744525547445,90.6923770504769,4.75099866844208,4.51127819548872
443,2021-05-14,62.6,62.6,NA,NA,NA,509,886,5,102700,3,14.8613138686131,81.2281506556781,4.71904127829561,3.7593984962406
444,2021-05-15,62.6,62.6,NA,NA,NA,508,626,8,92392,3,14.8321167883212,73.0752803834412,3.33422103861518,6.01503759398496
445,2021-05-16,62.6,62.6,NA,NA,NA,501,539,5,74216,3,14.6277372262774,58.6994004777196,2.87083888149134,3.7593984962406
446,2021-05-17,62.6,62.6,NA,NA,NA,484,562,11,72909,3,14.1313868613139,57.6656595536011,2.99334221038615,8.27067669172932
447,2021-05-18,62.6,62.6,13.3333333333333,33.3333333333333,24.3914274225335,466,618,5,73907,3,13.6058394160584,58.4550041919104,3.29161118508655,3.7593984962406
448,2021-05-19,62.6,62.6,NA,NA,NA,460,786,8,92737,3,13.4306569343066,73.3481500229369,4.18641810918775,6.01503759398496
449,2021-05-20,62.6,62.6,NA,NA,NA,437,618,3,110537,3,12.7591240875912,87.4266415679327,3.29161118508655,2.25563909774436
450,2021-05-21,62.6,62.6,NA,NA,NA,424,591,7,97378,3,12.3795620437956,77.0188398690226,3.14780292942743,5.26315789473684
451,2021-05-22,62.6,62.6,NA,NA,NA,421,431,7,85797,3,12.2919708029197,67.8591201733711,2.29560585885486,5.26315789473684
452,2021-05-23,62.6,62.6,NA,NA,NA,424,376,7,69045,3,12.3795620437956,54.6095195912492,2.00266311584554,5.26315789473684
453,2021-05-24,62.6,62.6,NA,NA,NA,415,380,4,52897,3,12.1167883211679,41.8376386098676,2.02396804260985,3.00751879699248
454,2021-05-25,62.6,62.6,25,25,18.9407898141918,399,459,4,61005,3,11.6496350364964,48.2504706012623,2.44474034620506,3.00751879699248
455,2021-05-26,62.6,62.6,51.6129032258064,29.0322580645161,12.4547124890016,394,452,4,89443,3,11.5036496350365,70.7428381606213,2.40745672436751,3.00751879699248
456,2021-05-27,62.6,62.6,100,0,2.97830081258734,385,428,3,104503,3,11.2408759124088,82.6541911194774,2.27962716378162,2.25563909774436
457,2021-05-28,48.7,48.7,NA,NA,NA,373,376,4,98749,3,10.8905109489051,78.1032000885838,2.00266311584554,3.00751879699248
458,2021-05-29,48.7,48.7,NA,NA,NA,364,317,6,98989,3,10.6277372262774,78.2930224464938,1.6884154460719,4.51127819548872
459,2021-05-30,48.7,48.7,NA,NA,NA,362,237,0,79533,3,10.5693430656934,62.9047566319186,1.26231691078562,0
460,2021-05-31,48.7,48.7,NA,NA,NA,354,267,5,73652,3,10.3357664233577,58.253317936631,1.42210386151798,3.7593984962406
461,2021-06-01,48.7,48.7,11.1111111111111,11.1111111111111,26.7663651558652,340,302,7,70114,3,9.92700729927007,55.4550200104402,1.60852197070573,5.26315789473684
462,2021-06-02,48.7,48.7,NA,NA,NA,317,298,5,88973,3,9.25547445255475,70.3711027097142,1.58721704394141,3.7593984962406
463,2021-06-03,48.7,48.7,0,100,8.83041951508389,307,269,4,98306,3,8.96350364963504,77.7528196529415,1.43275632490013,3.00751879699248
464,2021-06-04,48.7,48.7,NA,NA,NA,283,233,3,96281,3,8.26277372262774,76.1511935080754,1.2410119840213,2.25563909774436
465,2021-06-05,48.7,48.7,NA,NA,NA,274,199,5,85268,3,8,67.4407200594777,1.05992010652463,3.7593984962406
466,2021-06-06,48.7,48.7,NA,NA,NA,265,165,4,67993,3,7.73722627737226,53.7774649224101,0.878828229027963,3.00751879699248
467,2021-06-07,44.5,44.5,NA,NA,NA,263,161,5,68198,3,7.67883211678832,53.939604853125,0.857523302263648,3.7593984962406
468,2021-06-08,41.8,41.8,55.5555555555556,11.1111111111111,11.7536200148901,257,204,1,77661,3,7.5036496350365,61.4241422402202,1.08655126498003,0.75187969924812
469,2021-06-09,41.8,41.8,NA,NA,NA,251,253,2,90760,3,7.32846715328467,71.7844883496528,1.34753661784288,1.50375939849624
470,2021-06-10,41.8,41.8,13.3333333333333,33.3333333333333,6.13710470472543,244,205,2,104463,3,7.12408759124088,82.6225540598257,1.09187749667111,1.50375939849624
471,2021-06-11,41.8,41.8,21.4285714285714,21.4285714285714,0.370262727283585,227,164,3,110890,3,6.62773722627737,87.7058386193587,0.873501997336884,2.25563909774436
472,2021-06-12,41.8,41.8,NA,NA,NA,215,142,1,99964,3,6.27737226277372,79.0641757755034,0.756324900133156,0.75187969924812
473,2021-06-13,41.8,41.8,NA,NA,NA,214,122,4,78834,3,6.24817518248175,62.3518990145056,0.649800266311584,3.00751879699248
474,2021-06-14,40,40,NA,NA,NA,209,113,3,92745,3,6.1021897810219,73.3544774348672,0.601864181091877,2.25563909774436
475,2021-06-15,40,40,NA,NA,NA,192,167,1,88752,3,5.60583941605839,70.1963079551386,0.88948069241012,0.75187969924812
476,2021-06-16,40,40,NA,NA,NA,178,169,3,99354,3,5.1970802919708,78.5817106158154,0.900133155792277,2.25563909774436
477,2021-06-17,40,40,NA,NA,NA,175,179,2,104026,3,5.10948905109489,82.2769191831311,0.953395472703063,1.50375939849624
478,2021-06-18,40,40,NA,NA,NA,178,135,1,92860,3,5.1970802919708,73.4454339813658,0.719041278295606,0.75187969924812
479,2021-06-19,40,40,NA,NA,NA,170,93,2,72583,3,4.96350364963504,57.4078175174399,0.495339547270306,1.50375939849624
480,2021-06-20,40,40,NA,NA,NA,168,97,2,57797,3,4.90510948905109,45.7131784171979,0.516644474034621,1.50375939849624
481,2021-06-21,40,40,27.2727272727273,9.09090909090909,18.2021156732611,161,102,2,85952,3,4.7007299270073,67.9817137795213,0.543275632490013,1.50375939849624
482,2021-06-22,40,40,NA,NA,NA,161,110,1,99677,3,4.7007299270073,78.8371798725026,0.585885486018642,0.75187969924812
483,2021-06-23,40,40,NA,NA,NA,143,86,2,121023,3,4.17518248175182,95.7202967556195,0.458055925432756,1.50375939849624
484,2021-06-24,38,38,NA,NA,NA,135,81,2,68804,3,3.94160583941606,54.4189063068478,0.431424766977364,1.50375939849624
485,2021-06-25,38,38,NA,NA,NA,131,101,2,118181,3,3.82481751824818,93.472483667368,0.537949400798935,1.50375939849624
486,2021-06-26,38,38,NA,NA,NA,124,75,1,98226,3,3.62043795620438,77.6895455336381,0.399467376830892,0.75187969924812
487,2021-06-27,38,38,NA,NA,NA,124,55,2,77772,3,3.62043795620438,61.5119350807536,0.292942743009321,1.50375939849624
488,2021-06-28,38,38,NA,NA,NA,122,95,2,107698,3,3.56204379562044,85.181201259155,0.505992010652463,1.50375939849624
489,2021-06-29,38,38,NA,NA,NA,117,109,2,107258,3,3.41605839416058,84.8331936029865,0.580559254327563,1.50375939849624
490,2021-06-30,38,38,NA,NA,NA,113,78,1,126434,3,3.2992700729927,100,0.415446071904128,0.75187969924812
491,2021-07-01,38,38,NA,NA,NA,110,73,3,92592,3,3.21167883211679,73.2334656816995,0.388814913448735,2.25563909774436
492,2021-07-02,38,38,NA,NA,NA,105,53,1,107333,3,3.06569343065693,84.8925130898334,0.282290279627164,0.75187969924812
493,2021-07-03,38,38,NA,NA,NA,100,52,1,83430,3,2.91970802919708,65.9869971684832,0.276964047936085,0.75187969924812
494,2021-07-04,38,38,NA,NA,NA,102,37,1,72592,3,2.97810218978102,57.4149358558616,0.197070572569907,0.75187969924812
495,2021-07-05,38,38,NA,NA,NA,102,95,1,97990,3,2.97810218978102,77.5028868816932,0.505992010652463,0.75187969924812
496,2021-07-06,38,38,NA,NA,NA,103,80,0,106635,3,3.00729927007299,84.3404463989117,0.426098535286285,0
497,2021-07-07,38,38,NA,NA,NA,101,99,0,114798,3,2.94890510948905,90.7967793473275,0.527296937416778,0
498,2021-07-08,38,38,69.2307692307692,30.7692307692308,11.2960870613947,96,62,0,121525,3,2.8029197080292,96.1173418542481,0.330226364846871,0
499,2021-07-09,38,38,NA,NA,NA,90,65,2,114473,3,2.62773722627737,90.5397282376576,0.346205059920107,1.50375939849624
500,2021-07-10,38,38,NA,NA,NA,88,64,1,84477,3,2.56934306569343,66.8150972048658,0.340878828229028,0.75187969924812
501,2021-07-11,38,38,NA,NA,NA,88,60,2,66609,3,2.56934306569343,52.6828226584621,0.319573901464714,1.50375939849624
502,2021-07-12,38,38,NA,NA,NA,85,52,0,87427,3,2.48175182481752,69.1483303541769,0.276964047936085,0
503,2021-07-13,38,38,NA,NA,NA,79,88,2,92252,3,2.30656934306569,72.9645506746603,0.468708388814914,1.50375939849624
504,2021-07-14,38,38,NA,NA,NA,81,85,0,102661,3,2.36496350364963,81.1973045225177,0.452729693741678,0
505,2021-07-15,38,38,NA,NA,NA,84,98,1,100949,3,2.45255474452555,79.843238369426,0.521970705725699,0.75187969924812
506,2021-07-16,38,38,25,25,3.99883745466272,77,81,0,102721,3,2.24817518248175,81.2447601119952,0.431424766977364,0
507,2021-07-17,38,38,NA,NA,NA,75,73,0,73638,3,2.18978102189781,58.2422449657529,0.388814913448735,0
508,2021-07-18,38,38,NA,NA,NA,78,59,1,53872,4,2.27737226277372,42.6087919388772,0.314247669773635,0.75187969924812
509,2021-07-19,38,38,NA,NA,NA,77,93,0,82701,4,2.24817518248175,65.4104117563314,0.495339547270306,0
510,2021-07-20,38,38,NA,NA,NA,72,111,1,100370,4,2.1021897810219,79.3852919309679,0.59121171770972,0.75187969924812
511,2021-07-21,38,38,NA,NA,NA,71,94,1,104080,4,2.07299270072993,82.3196292136609,0.500665778961385,0.75187969924812
512,2021-07-22,38,38,NA,NA,NA,67,131,4,95585,4,1.95620437956204,75.6007086701362,0.697736351531292,3.00751879699248
513,2021-07-23,38,38,NA,NA,NA,66,114,1,96075,4,1.92700729927007,75.9882626508692,0.607190412782956,0.75187969924812
514,2021-07-24,38,38,NA,NA,NA,62,97,0,71600,4,1.81021897810219,56.6303367765,0.516644474034621,0
515,2021-07-25,38,38,NA,NA,NA,67,66,1,54516,4,1.95620437956204,43.1181485992692,0.351531291611185,0.75187969924812
516,2021-07-26,38,38,NA,NA,NA,66,123,1,74769,4,1.92700729927007,59.136782827404,0.655126498002663,0.75187969924812
517,2021-07-27,38,38,NA,NA,NA,61,119,0,72134,4,1.78102189781022,57.0526915228499,0.633821571238349,0
518,2021-07-28,38,38,NA,NA,NA,62,132,0,70622,4,1.81021897810219,55.8568106680165,0.70306258322237,0
519,2021-07-29,38,38,NA,NA,NA,60,150,0,67601,4,1.75182481751825,53.4674217378237,0.798934753661784,0
520,2021-07-30,38,38,NA,NA,NA,63,170,0,78011,4,1.83941605839416,61.7009665121724,0.905459387483356,0
521,2021-07-31,38,38,NA,NA,NA,60,158,1,58511,4,1.75182481751825,46.2778999319803,0.841544607190413,0.75187969924812
522,2021-08-01,38,38,NA,NA,NA,61,136,0,38660,4,1.78102189781022,30.5772181533448,0.724367509986684,0
523,2021-08-02,38,38,NA,NA,NA,58,177,0,49823,4,1.69343065693431,39.4063305756363,0.942743009320905,0
524,2021-08-03,38,38,NA,NA,NA,58,204,1,47884,4,1.69343065693431,37.8727241090213,1.08655126498003,0.75187969924812
525,2021-08-04,38,38,NA,NA,NA,60,275,0,46417,4,1.75182481751825,36.7124349462961,1.4647137150466,0
526,2021-08-05,38,38,NA,NA,NA,57,286,0,52436,4,1.66423357664234,41.473021497382,1.52330226364847,0
527,2021-08-06,38,38,NA,NA,NA,54,266,0,59253,4,1.57664233576642,46.8647673885189,1.4167776298269,0
528,2021-08-07,38,38,NA,NA,NA,55,268,1,47265,4,1.60583941605839,37.3831406109116,1.42743009320905,0.75187969924812
529,2021-08-08,38,38,NA,NA,NA,55,217,1,29185,4,1.60583941605839,23.0831896483541,1.15579227696405,0.75187969924812
530,2021-08-09,38,38,NA,NA,NA,62,284,1,41215,4,1.81021897810219,32.5980353385956,1.51264980026631,0.75187969924812
531,2021-08-10,38,38,NA,NA,NA,67,390,0,36653,4,1.95620437956204,28.989828685322,2.07723035952064,0
532,2021-08-11,38,38,NA,NA,NA,81,391,0,42987,4,2.36496350364963,33.9995570811649,2.08255659121172,0
533,2021-08-12,38,38,NA,NA,NA,80,409,0,48519,4,2.33576642335766,38.3749624309917,2.17842876165113,0
534,2021-08-13,38,38,NA,NA,NA,85,401,1,59856,4,2.48175182481752,47.3416960627679,2.1358189081225,0.75187969924812
535,2021-08-14,38,38,NA,NA,NA,79,417,0,51638,4,2.30656934306569,40.8418621573311,2.22103861517976,0
536,2021-08-15,38,38,NA,NA,NA,82,330,2,36485,4,2.39416058394161,28.856953034785,1.75765645805593,1.50375939849624
537,2021-08-16,38,38,NA,NA,NA,88,410,1,42976,4,2.56934306569343,33.9908568897607,2.18375499334221,0.75187969924812
538,2021-08-17,38,38,52.6315789473684,10.5263157894737,17.0876248641375,88,424,0,42210,4,2.56934306569343,33.3850071974311,2.25832223701731,0
539,2021-08-18,38,38,NA,NA,NA,91,493,1,43389,4,2.65693430656934,34.3175095306642,2.62583222370173,0.75187969924812
540,2021-08-19,38,38,NA,NA,NA,87,604,0,40805,4,2.54014598540146,32.273755477166,3.21704394141145,0
541,2021-08-20,38,38,NA,NA,NA,90,525,0,47310,4,2.62773722627737,37.4187323030198,2.79627163781625,0
542,2021-08-21,38,38,NA,NA,NA,98,383,3,38814,4,2.86131386861314,30.6990208330038,2.03994673768309,2.25563909774436
543,2021-08-22,38,38,NA,NA,NA,99,332,0,26937,4,2.89051094890511,21.3051868959299,1.76830892143808,0
544,2021-08-23,38,38,NA,NA,NA,102,413,0,31925,4,2.97810218978102,25.2503282344939,2.19973368841545,0
545,2021-08-24,38,38,23.0769230769231,38.4615384615385,14.6371588144788,110,537,1,27241,4,3.21167883211679,21.5456285492826,2.86018641810919,0.75187969924812
546,2021-08-25,38,38,NA,NA,NA,119,647,1,32252,4,3.47445255474453,25.5089611971463,3.44607190412783,0.75187969924812
547,2021-08-26,40,40,NA,NA,NA,126,641,0,34660,4,3.67883211678832,27.4135121881772,3.41411451398136,0
548,2021-08-27,40,40,NA,NA,NA,131,505,0,36616,4,3.82481751824818,28.9605644051442,2.68974700399467,0
549,2021-08-28,40,40,NA,NA,NA,126,503,0,31383,4,3.67883211678832,24.8216460762137,2.67909454061252,0
550,2021-08-29,40,40,NA,NA,NA,125,418,3,19846,4,3.64963503649635,15.696727146179,2.22636484687084,2.25563909774436
551,2021-08-30,40,40,NA,NA,NA,131,570,2,22909,4,3.82481751824818,18.1193349890061,3.03595206391478,1.50375939849624
552,2021-08-31,40,40,33.3333333333333,9.52380952380952,13.6816102326147,138,706,3,25625,4,4.02919708029197,20.2674913393549,3.76031957390146,2.25563909774436
553,2021-09-01,40,42,NA,NA,NA,138,711,1,21895,4,4.02919708029197,17.3173355268361,3.78695073235686,0.75187969924812
554,2021-09-02,40,42,NA,NA,NA,147,760,0,28156,4,4.29197080291971,22.2693262888147,4.04793608521971,0
555,2021-09-03,40,42,NA,NA,NA,147,654,4,28281,4,4.29197080291971,22.3681921002262,3.48335552596538,3.00751879699248
556,2021-09-04,40,42,NA,NA,NA,149,631,1,23679,4,4.35036496350365,18.7283483873009,3.36085219707057,0.75187969924812
557,2021-09-05,40,42,NA,NA,NA,160,485,0,12986,4,4.67153284671533,10.2709714159166,2.5832223701731,0
558,2021-09-06,40,42,NA,NA,NA,171,601,4,10239,4,4.99270072992701,8.09829634433776,3.20106524633822,3.00751879699248
559,2021-09-07,40,42,25,25,9.54196279477743,178,630,2,19715,4,5.1970802919708,15.5931157758198,3.35552596537949,1.50375939849624
560,2021-09-08,40,42,NA,NA,NA,198,765,2,24760,4,5.78102189781022,19.5833399243874,4.0745672436751,1.50375939849624
561,2021-09-09,40,42,NA,NA,NA,207,961,2,26090,4,6.04379562043796,20.6352721578057,5.1185086551265,1.50375939849624
562,2021-09-10,40,42,NA,NA,NA,218,879,1,25837,4,6.36496350364963,20.4351677555088,4.68175765645806,0.75187969924812
563,2021-09-11,40,42,NA,NA,NA,213,656,3,22700,4,6.21897810218978,17.9540313523261,3.49400798934754,2.25563909774436
564,2021-09-12,40,42,NA,NA,NA,227,616,3,13202,4,6.62773722627737,10.4418115380357,3.28095872170439,2.25563909774436
565,2021-09-13,40,42,NA,NA,NA,230,679,4,14462,4,6.71532846715329,11.4383789170634,3.61651131824234,3.00751879699248
566,2021-09-14,40,42,37.5,12.5,15.2047299950983,250,749,2,15247,4,7.2992700729927,12.0592562127276,3.98934753661784,1.50375939849624
567,2021-09-15,40,42,20,20,6.41788727291548,256,834,4,19471,4,7.47445255474453,15.4001297119446,4.44207723035952,3.00751879699248
568,2021-09-16,40,42,0,66.6666666666667,NA,262,819,2,22289,4,7.64963503649635,17.6289605644051,4.36218375499334,1.50375939849624
569,2021-09-17,40,42,NA,NA,NA,264,809,6,21925,4,7.70802919708029,17.3410633215749,4.30892143808256,4.51127819548872
570,2021-09-18,40,42,NA,NA,NA,277,641,2,18736,4,8.08759124087591,14.818798740845,3.41411451398136,1.50375939849624
571,2021-09-19,40,42,NA,NA,NA,280,623,6,8552,4,8.17518248175183,6.76400335352832,3.31824234354194,4.51127819548872
572,2021-09-20,40,42,NA,NA,NA,274,644,3,9897,4,8,7.82779948431593,3.43009320905459,2.25563909774436
573,2021-09-21,40,42,NA,NA,NA,280,614,3,11185,4,8.17518248175183,8.8465128050999,3.27030625832224,2.25563909774436
574,2021-09-22,40,42,NA,NA,NA,283,783,4,15975,4,8.26277372262774,12.6350506983881,4.17043941411451,3.00751879699248
575,2021-09-23,40,42,25,12.5,6.12489676697804,298,721,2,18452,4,8.7007299270073,14.5941756173181,3.84021304926764,1.50375939849624
576,2021-09-24,40,42,NA,NA,NA,301,780,5,18253,4,8.78832116788321,14.436781245551,4.15446071904128,3.7593984962406
577,2021-09-25,40,42,NA,NA,NA,297,581,2,16068,4,8.67153284671533,12.7086068620782,3.09454061251664,1.50375939849624
578,2021-09-26,40,42,NA,NA,NA,299,493,2,7479,4,8.72992700729927,5.91533922837212,2.62583222370173,1.50375939849624
579,2021-09-27,40,42,NA,NA,NA,321,499,8,6984,4,9.37226277372263,5.52383061518263,2.6577896138482,6.01503759398496
580,2021-09-28,40,42,12.5,12.5,9.17257251991558,306,566,2,10475,4,8.93430656934307,8.28495499628264,3.01464713715047,1.50375939849624
581,2021-09-29,40,42,NA,NA,NA,311,710,6,14417,4,9.08029197080292,11.4027872249553,3.78162450066578,4.51127819548872
582,2021-09-30,40,42,55.5555555555556,0,10.6070173292367,310,587,3,17579,4,9.05109489051095,13.9036967904203,3.12649800266312,2.25563909774436
583,2021-10-01,40,34.2,NA,NA,NA,301,624,4,15539,4,8.78832116788321,12.2902067481848,3.32356857523302,3.00751879699248
584,2021-10-02,40,34.2,NA,NA,NA,292,396,4,13763,4,8.52554744525547,10.8855212996504,2.10918774966711,3.00751879699248
585,2021-10-03,40,34.2,NA,NA,NA,290,439,4,6140,4,8.46715328467153,4.85628865653226,2.33821571238349,3.00751879699248
586,2021-10-04,40,34.2,NA,NA,NA,291,478,2,6693,4,8.4963503649635,5.29367100621668,2.54593874833555,1.50375939849624
587,2021-10-05,40,34.2,50,50,NA,294,534,3,9169,4,8.58394160583942,7.25200499865542,2.84420772303595,2.25563909774436
588,2021-10-06,40,34.2,NA,NA,NA,297,613,7,13124,4,8.67153284671533,10.3801192717149,3.26498002663116,5.26315789473684
589,2021-10-07,40,34.2,NA,NA,NA,302,628,2,16529,4,8.81751824817518,13.0732239745638,3.34487350199734,1.50375939849624
590,2021-10-08,40,34.2,NA,NA,NA,297,598,4,15457,4,8.67153284671533,12.2253507758989,3.18508655126498,3.00751879699248
591,2021-10-09,40,34.2,NA,NA,NA,296,530,6,13042,4,8.64233576642336,10.315263299429,2.82290279627164,4.51127819548872
592,2021-10-10,40,34.2,NA,NA,NA,290,421,5,5856,4,8.46715328467153,4.63166553300536,2.24234354194407,3.7593984962406
593,2021-10-11,40,34.2,NA,NA,NA,291,432,4,4629,4,8.4963503649635,3.6611987281902,2.30093209054594,3.00751879699248
594,2021-10-12,40,34.2,NA,NA,NA,298,583,3,9580,4,8.7007299270073,7.5770757865764,3.1051930758988,2.25563909774436
595,2021-10-13,40,34.2,NA,NA,NA,298,641,4,12147,4,8.7007299270073,9.6073840897227,3.41411451398136,3.00751879699248
596,2021-10-14,40,34.2,NA,NA,NA,301,689,5,13267,4,8.78832116788321,10.4932217599696,3.66977363515313,3.7593984962406
597,2021-10-15,40,34.2,NA,NA,NA,309,792,6,14206,4,9.02189781021898,11.2359017352927,4.21837549933422,4.51127819548872
598,2021-10-16,40,34.2,NA,NA,NA,303,427,4,12489,4,8.84671532846715,9.87788094974453,2.27430093209055,3.00751879699248
599,2021-10-17,40,34.2,NA,NA,NA,303,350,3,5175,4,8.84671532846715,4.09304459243558,1.8641810918775,2.25563909774436
600,2021-10-18,40,34.2,NA,NA,NA,297,421,3,6680,4,8.67153284671533,5.28338896182989,2.24234354194407,2.25563909774436
601,2021-10-19,40,34.2,NA,NA,NA,287,499,3,9804,4,8.37956204379562,7.75424332062578,2.6577896138482,2.25563909774436
602,2021-10-20,40,34.2,NA,NA,NA,274,411,9,13499,4,8,10.6767167059493,2.18908122503329,6.76691729323308
603,2021-10-21,40,34.2,NA,NA,NA,260,411,7,15069,4,7.59124087591241,11.9184712972776,2.18908122503329,5.26315789473684
604,2021-10-22,40,34.2,NA,NA,NA,255,447,3,13589,4,7.44525547445255,10.7479000901656,2.38082556591212,2.25563909774436
605,2021-10-23,40,34.2,NA,NA,NA,250,376,6,10203,4,7.2992700729927,8.06982299065125,2.00266311584554,4.51127819548872
606,2021-10-24,40,34.2,NA,NA,NA,259,342,2,4289,4,7.56204379562044,3.39228372115096,1.82157123834887,1.50375939849624
607,2021-10-25,40,34.2,NA,NA,NA,259,379,1,9251,4,7.56204379562044,7.31686097094136,2.01864181091877,0.75187969924812
608,2021-10-26,40,34.2,NA,NA,NA,257,453,3,11214,4,7.5036496350365,8.86944967334736,2.41278295605859,2.25563909774436
609,2021-10-27,40,34.2,NA,NA,NA,254,474,4,14223,4,7.41605839416058,11.2493474856447,2.52463382157124,3.00751879699248
610,2021-10-28,40,34.2,NA,NA,NA,250,556,2,13591,4,7.2992700729927,10.7494819431482,2.96138482023968,1.50375939849624
611,2021-10-29,40,34.2,NA,NA,NA,244,542,4,13378,4,7.12408759124088,10.581014600503,2.88681757656458,3.00751879699248
612,2021-10-30,40,34.2,NA,NA,NA,236,538,5,8953,4,6.89051094890511,7.08116487653638,2.86551264980027,3.7593984962406
613,2021-10-31,40,32.1,NA,NA,NA,244,491,4,3275,4,7.12408759124088,2.59028425898097,2.61517976031957,3.00751879699248
614,2021-11-01,37.2,30.2,NA,NA,NA,250,484,2,10985,4,7.2992700729927,8.68832750684151,2.57789613848202,1.50375939849624
615,2021-11-02,37.2,30.2,20,25,15.4671083277263,248,535,1,12078,4,7.24087591240876,9.55281016182356,2.84953395472703,0.75187969924812
616,2021-11-03,37.2,30.2,46.6666666666667,26.6666666666667,9.85825393250423,241,641,1,14108,4,7.03649635036496,11.1583909391461,3.41411451398136,0.75187969924812
617,2021-11-04,37.2,30.2,NA,NA,NA,240,667,4,15873,4,7.00729927007299,12.5543761962763,3.5525965379494,3.00751879699248
618,2021-11-05,37.2,30.2,NA,NA,NA,229,597,5,14789,4,6.68613138686131,11.6970118797159,3.1797603195739,3.7593984962406
619,2021-11-06,37.2,30.2,NA,NA,NA,227,586,3,8041,4,6.62773722627737,6.35983991647816,3.12117177097204,2.25563909774436
620,2021-11-07,37.2,30.2,NA,NA,NA,225,502,4,4371,4,6.56934306569343,3.45713969343689,2.67376830892144,3.00751879699248
621,2021-11-08,37.2,30.2,NA,NA,NA,219,525,4,10327,4,6.39416058394161,8.16789787557144,2.79627163781625,3.00751879699248
622,2021-11-09,37.2,30.2,100,0,NA,220,723,2,11316,4,6.42335766423358,8.95012417545913,3.8508655126498,1.50375939849624
623,2021-11-10,37.2,30.2,NA,NA,NA,215,677,4,14323,4,6.27737226277372,11.3284401347739,3.60585885486019,3.00751879699248
624,2021-11-11,37.2,30.2,NA,NA,NA,205,699,2,14921,4,5.98540145985401,11.8014141765664,3.72303595206391,1.50375939849624
625,2021-11-12,37.2,30.2,NA,NA,NA,198,716,5,13633,4,5.78102189781022,10.7827008557825,3.81358189081225,3.7593984962406
626,2021-11-13,37.2,30.2,NA,NA,NA,189,511,1,8195,4,5.51824817518248,6.48164259613711,2.72170439414115,0.75187969924812
627,2021-11-14,37.2,30.2,NA,NA,NA,202,542,1,4773,4,5.8978102189781,3.77509214293624,2.88681757656458,0.75187969924812
628,2021-11-15,33,27.2,NA,NA,NA,200,593,0,9915,4,5.83941605839416,7.84203616115918,3.15845539280959,0
629,2021-11-16,33,33.1,NA,NA,NA,195,707,1,9224,4,5.69343065693431,7.29550595567648,3.76564580559254,0.75187969924812
630,2021-11-17,33,33.1,NA,NA,NA,205,793,4,11508,4,5.98540145985401,9.10198206178718,4.2237017310253,3.00751879699248
631,2021-11-18,33,33.1,NA,NA,NA,201,720,2,12071,4,5.86861313868613,9.54727367638452,3.83488681757656,1.50375939849624
632,2021-11-19,33,33.1,NA,NA,NA,201,766,5,10199,4,5.86861313868613,8.06665928468608,4.07989347536618,3.7593984962406
633,2021-11-20,33,33.1,NA,NA,NA,199,724,5,7122,4,5.81021897810219,5.63297847098091,3.85619174434088,3.7593984962406
634,2021-11-21,33,33.1,NA,NA,NA,204,662,0,3620,4,5.95620437956204,2.86315389847668,3.52596537949401,0
635,2021-11-22,33,33.1,NA,NA,NA,203,740,1,5929,4,5.92700729927007,4.68940316686967,3.94141145139814,0.75187969924812
636,2021-11-23,33,33.1,16.6666666666667,50,23.3209978779566,211,885,5,6851,4,6.16058394160584,5.4186373918408,4.71371504660453,3.7593984962406
637,2021-11-24,33,33.1,NA,NA,NA,210,988,2,16593,4,6.13138686131387,13.1238432700065,5.26231691078562,1.50375939849624
638,2021-11-25,33,33.1,NA,NA,NA,206,1173,2,19924,4,6.01459854014599,15.7584194124998,6.24766977363515,1.50375939849624
639,2021-11-26,33,33.1,NA,NA,NA,205,1008,3,24393,4,5.98540145985401,19.2930699020833,5.36884154460719,2.25563909774436
640,2021-11-27,33,33.1,NA,NA,NA,216,817,2,26351,4,6.30656934306569,20.8417039720328,4.35153129161119,1.50375939849624
641,2021-11-28,33,33.1,NA,NA,NA,226,719,2,22455,4,6.5985401459854,17.7602543619596,3.82956058588549,1.50375939849624
642,2021-11-29,33,33.1,33.3333333333333,14.2857142857143,13.0388322906953,227,922,3,21138,4,6.62773722627737,16.7186041729282,4.91078561917443,2.25563909774436
643,2021-11-30,33,33.1,NA,NA,NA,239,1112,3,24127,4,6.97810218978102,19.0826834553997,5.92276964047936,2.25563909774436
644,2021-12-01,33,33.1,40,30,2.84429095049663,227,1291,4,28266,4,6.62773722627737,22.3563282028568,6.87616511318242,3.00751879699248
645,2021-12-02,33,33.1,NA,NA,NA,230,1463,1,29515,4,6.71532846715329,23.3441953904804,7.79227696404794,0.75187969924812
646,2021-12-03,33,33.1,50,25,NA,225,1393,1,32190,4,6.56934306569343,25.4599237546862,7.41944074567244,0.75187969924812
647,2021-12-04,33,33.1,NA,NA,NA,219,1258,6,29028,4,6.39416058394161,22.9590141892213,6.70039946737683,4.51127819548872
648,2021-12-05,33,33.1,NA,NA,NA,226,1152,3,20368,4,6.5985401459854,16.1095907746334,6.1358189081225,2.25563909774436
649,2021-12-06,33,33.1,NA,NA,NA,235,1292,1,22007,5,6.86131386861314,17.4059192938608,6.8814913448735,0.75187969924812
650,2021-12-07,33,33.1,50,8.33333333333333,10.4330779980332,242,1557,5,29647,5,7.06569343065693,23.4485976873309,8.29294274300932,3.7593984962406
651,2021-12-08,33,33.1,NA,NA,NA,255,1987,3,35506,5,7.44525547445255,28.0826359998102,10.5832223701731,2.25563909774436
652,2021-12-09,33,33.1,NA,NA,NA,256,1981,4,36953,5,7.47445255474453,29.2271066327096,10.5512649800266,3.00751879699248
653,2021-12-10,34.4,34.1,NA,NA,NA,251,2029,4,42549,5,7.32846715328467,33.653131277979,10.8069241011984,3.00751879699248
654,2021-12-11,34.4,34.1,NA,NA,NA,262,1715,6,31052,5,7.64963503649635,24.5598494075961,9.13448735019973,4.51127819548872
655,2021-12-12,34.4,34.1,NA,NA,NA,268,1642,7,24895,5,7.82481751824818,19.6901150007118,8.745672436751,5.26315789473684
656,2021-12-13,34.4,34.1,NA,NA,NA,293,2164,4,36457,5,8.55474452554745,28.8348070930288,11.525965379494,3.00751879699248
657,2021-12-14,34.4,34.1,21.7391304347826,30.4347826086957,11.8749790687974,309,2673,4,49325,5,9.02189781021898,39.0124491829729,14.237017310253,3.00751879699248
658,2021-12-15,34.4,34.1,NA,NA,NA,305,3360,5,55054,5,8.9051094890511,43.5436670515842,17.896138482024,3.7593984962406
659,2021-12-16,34.4,34.1,20,42.8571428571429,38.7357992959438,312,4038,5,59081,5,9.10948905109489,46.7287280320167,21.5073235685752,3.7593984962406
660,2021-12-17,34.4,34.1,NA,NA,NA,347,4325,7,68422,5,10.1313868613139,54.1167723871743,23.0359520639148,5.26315789473684
661,2021-12-18,34.4,34.1,NA,NA,NA,376,4704,5,50984,5,10.978102189781,40.3245962320262,25.0545938748336,3.7593984962406
662,2021-12-19,34.4,34.1,NA,NA,NA,397,4404,6,48228,5,11.5912408759124,38.1448028220257,23.45672436751,4.51127819548872
663,2021-12-20,41.4,39,8.82352941176471,14.7058823529412,40.7410333463802,415,6582,5,79650,5,12.1167883211679,62.9972950313998,35.0572569906791,3.7593984962406
664,2021-12-21,41.4,39,NA,NA,NA,445,8282,7,91555,5,12.992700729927,72.4132749102298,44.1118508655127,5.26315789473684
665,2021-12-22,41.4,39,19.4444444444444,33.3333333333333,32.3001562873892,473,11399,4,98194,5,13.8102189781022,77.6642358859168,60.7137150466045,3.00751879699248
666,2021-12-23,41.4,39,NA,NA,NA,489,11794,5,83900,5,14.2773722627737,66.3587326193904,62.8175765645806,3.7593984962406
667,2021-12-24,41.4,39,NA,NA,NA,458,11646,4,24009,5,13.3722627737226,18.9893541294272,62.0292942743009,3.00751879699248
668,2021-12-25,41.4,39,NA,NA,NA,427,10582,16,88,5,12.4671532846715,0.0696015312336871,56.3621837549933,12.0300751879699
669,2021-12-26,45.5,41.9,NA,NA,NA,614,10504,10,17026,5,17.9270072992701,13.4663144407359,55.9467376830892,7.5187969924812
670,2021-12-27,45.5,41.9,NA,NA,NA,702,13446,7,64450,5,20.4963503649635,50.9752123637629,71.6165113182423,5.26315789473684
671,2021-12-28,45.5,41.9,45.1612903225806,19.3548387096774,25.7702858189375,804,15472,7,88277,5,23.4744525547445,69.820617871775,82.4074567243675,5.26315789473684
672,2021-12-29,49.7,44.9,NA,NA,NA,939,18775,11,94385,5,27.4160583941606,74.6515968805859,100,8.27067669172932
673,2021-12-30,49.7,44.9,27.2727272727273,25,58.9097932986233,1063,18683,14,86116,5,31.036496350365,68.1114257240932,99.5099866844208,10.5263157894737
674,2021-12-31,64.8,55.5,NA,NA,NA,1161,16993,26,30670,5,33.8978102189781,24.2577154879226,90.508655126498,19.5488721804511
675,2022-01-01,64.8,55.5,NA,NA,NA,1231,14798,28,224,5,35.9416058394161,0.177167534049385,78.8175765645806,21.0526315789474
676,2022-01-02,64.8,55.5,NA,NA,NA,1396,14130,29,16358,5,40.7591240875912,12.9379755445529,75.2596537949401,21.8045112781955
677,2022-01-03,71.7,60.4,NA,NA,NA,1592,14031,26,71169,5,46.4817518248175,56.2894474587532,74.7323568575233,19.5488721804511
678,2022-01-04,71.7,60.4,NA,NA,NA,1750,17659,30,96795,5,51.0948905109489,76.5577297245994,94.0559254327563,22.5563909774436
679,2022-01-05,71.7,60.4,NA,NA,NA,1953,17919,28,100115,5,57.021897810219,79.1836056756885,95.4407456724368,21.0526315789474
680,2022-01-06,71.7,60.4,48.5714285714286,14.2857142857143,10.5302719639452,2133,16405,46,104516,5,62.2773722627737,82.6644731638641,87.3768308921438,34.5864661654135
681,2022-01-07,71.7,60.4,NA,NA,NA,2296,13799,41,105830,5,67.036496350365,83.7037505734217,73.4966711051931,30.8270676691729
682,2022-01-08,71.7,60.4,NA,NA,NA,2436,9286,49,77205,5,71.1240875912409,61.0634797601911,49.4593874833555,36.8421052631579
683,2022-01-09,71.7,60.4,NA,NA,NA,2554,8225,62,67226,5,74.5693430656934,53.1708243035892,43.8082556591212,46.6165413533835
684,2022-01-10,71.7,60.4,NA,NA,NA,2742,7421,56,102917,5,80.058394160584,81.3997817042884,39.525965379494,42.1052631578947
685,2022-01-11,71.7,60.4,8.33333333333333,8.33333333333333,15.267066922002,2877,7442,56,113466,5,84,89.7432652609266,39.6378162450067,42.1052631578947
686,2022-01-12,71.7,60.4,NA,NA,NA,2994,6915,75,119597,5,87.4160583941606,94.5924355790373,36.8308921438083,56.390977443609
687,2022-01-13,71.7,60.4,33.3333333333333,26.6666666666667,17.330757042502,3085,6376,60,118067,5,90.0729927007299,93.3823180473607,33.9600532623169,45.1127819548872
688,2022-01-14,71.7,60.4,NA,NA,NA,3195,5514,55,118275,5,93.2846715328467,93.5468307575494,29.3688415446072,41.3533834586466
689,2022-01-15,71.7,60.4,NA,NA,NA,3300,5203,52,87884,5,96.3503649635037,69.5097837606973,27.7123834886818,39.0977443609023
690,2022-01-16,71.7,60.4,NA,NA,NA,3381,4257,59,80209,5,98.7153284671533,63.439422940032,22.6737683089214,44.3609022556391
691,2022-01-17,57.8,50.6,NA,NA,NA,3417,4595,85,91091,5,99.7664233576642,72.0462850182704,24.474034620506,63.9097744360902
692,2022-01-18,57.8,50.6,23.5294117647059,41.1764705882353,19.836338426419,3425,5209,79,115033,5,100,90.982647072781,27.7443408788282,59.3984962406015
693,2022-01-19,66.8,56.9,NA,NA,NA,3411,4932,72,108799,5,99.5912408759124,86.0520113260674,26.2689747003995,54.1353383458647
694,2022-01-20,66.8,56.9,40.5405405405405,16.2162162162162,21.4153832111624,3351,4518,64,111495,5,97.8394160583942,88.1843491465903,24.0639147802929,48.1203007518797
695,2022-01-21,66.8,56.9,NA,NA,NA,3295,4025,56,105761,5,96.2043795620438,83.6491766455226,21.4380825565912,42.1052631578947
696,2022-01-22,66.8,56.9,NA,NA,NA,3283,3248,65,78814,5,95.8540145985401,62.3360804846798,17.2996005326232,48.8721804511278
697,2022-01-23,66.8,56.9,NA,NA,NA,3299,2756,58,63869,5,96.3211678832117,50.5156840723223,14.6790945406125,43.609022556391
698,2022-01-24,66.8,56.9,NA,NA,NA,3278,3463,62,84303,5,95.7080291970803,66.677475995381,18.4447403462051,46.6165413533835
699,2022-01-25,66.8,58.9,20,60,5.17653276091735,3270,4175,54,82420,5,95.4744525547445,65.1881614122783,22.237017310253,40.6015037593985
700,2022-01-26,66.8,58.9,NA,NA,NA,3153,3671,53,80713,5,92.058394160584,63.8380498916431,19.5525965379494,39.8496240601504
701,2022-01-27,62.6,56,NA,NA,NA,3091,3602,58,77713,5,90.2481751824817,61.4652704177674,19.185086551265,43.609022556391
702,2022-01-28,62.6,56,NA,NA,NA,2975,3257,53,81584,5,86.8613138686131,64.5269468655583,17.3475366178429,39.8496240601504
703,2022-01-29,62.6,56,NA,NA,NA,2895,2687,41,59042,5,84.5255474452555,46.6978818988563,14.3115845539281,30.8270676691729
704,2022-01-30,62.6,56,NA,NA,NA,2888,2516,36,42459,5,84.3211678832117,33.5819478937628,13.4007989347537,27.0676691729323
705,2022-01-31,59.1,53.5,NA,NA,NA,2852,3156,55,53031,5,83.2700729927007,41.9436227597007,16.8095872170439,41.3533834586466
706,2022-02-01,59.1,53.5,33.3333333333333,22.2222222222222,30.8846993355452,2730,3809,43,49941,5,79.7080291970803,39.4996599016087,20.2876165113182,32.3308270676692
707,2022-02-02,59.1,53.5,60,20,0.281760904664582,2637,3532,34,49028,5,76.992700729927,38.7775440150592,18.8122503328895,25.5639097744361
708,2022-02-03,50.2,47.2,NA,NA,NA,2541,2911,35,45153,5,74.1897810218978,35.7127038613031,15.5046604527297,26.3157894736842
709,2022-02-04,50.2,47.2,NA,NA,NA,2447,2880,48,47409,5,71.4452554744526,37.4970340256577,15.3395472703063,36.0902255639098
710,2022-02-05,50.2,47.2,NA,NA,NA,2411,2240,34,37867,5,70.3941605839416,29.9500134457504,11.930758988016,25.5639097744361
711,2022-02-06,50.2,47.2,NA,NA,NA,2425,2111,32,21907,5,70.8029197080292,17.3268266447316,11.2436750998668,24.0601503759398
712,2022-02-07,50.2,47.2,NA,NA,NA,2380,2934,42,33127,5,69.4890510948905,26.2010218770267,15.6271637816245,31.578947368421
713,2022-02-08,50.2,47.2,32.258064516129,35.4838709677419,29.8845031234659,2348,3065,34,35534,5,68.5547445255474,28.1047819415664,16.3249001331558,25.5639097744361
714,2022-02-09,50.2,47.2,NA,NA,NA,2312,2669,27,32389,5,67.5036496350365,25.6173181264533,14.2157123834887,20.3007518796992
715,2022-02-10,50.2,47.2,NA,NA,NA,2214,2425,28,31281,5,64.6423357664234,24.7409715741019,12.9161118508655,21.0526315789474
716,2022-02-11,50.2,47.2,NA,NA,NA,2143,2129,30,34614,5,62.5693430656934,27.3771295695778,11.3395472703063,22.5563909774436
717,2022-02-12,49.6,46.8,NA,NA,NA,2081,1566,37,25499,5,60.7591240875912,20.1678346014521,8.34087882822903,27.8195488721804
718,2022-02-13,49.6,46.8,NA,NA,NA,2095,1575,34,12269,5,61.1678832116788,9.70387712166031,8.38881491344874,25.5639097744361
719,2022-02-14,45.4,43.8,NA,NA,NA,2052,1934,22,19877,5,59.9124087591241,15.7212458674091,10.3009320905459,16.5413533834586
720,2022-02-15,45.4,43.8,14.2857142857143,57.1428571428571,14.3289361316702,1995,1982,21,21008,5,58.2481751824818,16.6157837290602,10.5565912117177,15.7894736842105
721,2022-02-16,45.4,41.9,NA,NA,16.2452771595673,1902,1894,23,22072,5,55.5328467153285,17.4573295157948,10.0878828229028,17.2932330827068
722,2022-02-17,45.4,41.9,NA,NA,NA,1834,1710,22,17700,5,53.5474452554745,13.9993988958666,9.10785619174434,16.5413533834586
723,2022-02-18,45.4,41.9,NA,NA,NA,1789,1477,13,17723,5,52.2335766423358,14.0175902051663,7.86684420772304,9.77443609022556
724,2022-02-19,45.4,41.9,NA,NA,NA,1758,1170,21,19180,5,51.3284671532847,15.1699701029786,6.23169107856192,15.7894736842105
725,2022-02-20,45.4,41.9,NA,NA,NA,1776,1180,14,11547,5,51.8540145985401,9.13282819494756,6.2849533954727,10.5263157894737
726,2022-02-21,45.4,41.9,NA,NA,NA,1742,1619,13,15288,5,50.8613138686131,12.0916841988706,8.62316910785619,9.77443609022556
727,2022-02-22,45.4,41.9,NA,NA,NA,1672,1634,13,13006,5,48.8175182481752,10.2867899457424,8.70306258322237,9.77443609022556
728,2022-02-23,45.4,41.9,NA,NA,NA,1604,1454,18,12718,5,46.8321167883212,10.0590031162504,7.74434087882823,13.5338345864662
729,2022-02-24,45.4,41.9,NA,NA,NA,1532,1315,13,15248,5,44.7299270072993,12.0600471392189,7.00399467376831,9.77443609022556
730,2022-02-25,45.4,41.9,NA,NA,NA,1479,1044,14,15653,5,43.1824817518248,12.3803723681921,5.56058588548602,10.5263157894737
731,2022-02-26,45.4,41.9,NA,NA,NA,1456,951,19,15845,5,42.5109489051095,12.5322302545201,5.06524633821571,14.2857142857143
732,2022-02-27,45.4,41.9,NA,NA,NA,1446,910,16,8408,5,42.2189781021898,6.65010993878229,4.84687083888149,12.0300751879699
733,2022-02-28,28.5,29.9,NA,NA,NA,1439,1288,17,11135,5,42.014598540146,8.8069664805353,6.86018641810919,12.781954887218
734,2022-03-01,28.5,29.9,NA,NA,NA,1381,1199,17,7139,5,40.3211678832117,5.64642422133287,6.3861517976032,12.781954887218
735,2022-03-02,28.5,29.9,NA,NA,NA,1364,1143,14,7382,5,39.8248175182482,5.8386193587168,6.0878828229028,10.5263157894737
736,2022-03-03,28.5,29.9,NA,NA,NA,1313,1218,16,8666,5,38.3357664233577,6.8541689735356,6.48735019973369,12.0300751879699
737,2022-03-04,28.5,29.9,NA,NA,NA,1258,1047,25,8963,5,36.7299270072993,7.08907414144929,5.57656458055925,18.796992481203
738,2022-03-05,28.5,29.9,NA,NA,NA,1238,807,8,10377,5,36.1459854014599,8.20744420013604,4.2982689747004,6.01503759398496
739,2022-03-06,28.5,29.9,NA,NA,NA,1254,784,13,4911,5,36.6131386861314,3.88423999873452,4.17576564580559,9.77443609022556
740,2022-03-07,28.5,29.9,NA,NA,NA,1252,1292,10,4728,5,36.5547445255474,3.7395004508281,6.8814913448735,7.5187969924812
741,2022-03-08,28.5,29.9,NA,NA,NA,1222,1327,17,5024,5,35.6788321167883,3.9736146922505,7.06790945406125,12.781954887218
742,2022-03-09,28.5,29.9,NA,NA,NA,1162,1231,4,6728,5,33.9270072992701,5.3213534334119,6.55659121171771,3.00751879699248
743,2022-03-10,28.5,29.9,NA,NA,NA,1126,1109,10,8125,5,32.8759124087591,6.42627774174668,5.90679094540612,7.5187969924812
744,2022-03-11,28.5,29.9,NA,NA,NA,1099,1000,10,8815,5,32.0875912408759,6.97201702073809,5.32623169107856,7.5187969924812
745,2022-03-12,14.6,20.1,NA,NA,NA,1074,745,25,10107,5,31.3576642335766,7.99389404748723,3.96804260985353,18.796992481203
746,2022-03-13,14.6,20.1,NA,NA,NA,1077,719,11,4244,5,31.4452554744526,3.35669202904282,3.82956058588549,8.27067669172932
747,2022-03-14,14.6,16.2,NA,NA,NA,1082,1302,11,3766,5,31.5912408759124,2.97862916620529,6.93475366178429,8.27067669172932
748,2022-03-15,14.6,16.2,NA,NA,NA,1073,1426,14,4558,5,31.3284671532847,3.60504294730848,7.59520639147803,10.5263157894737
749,2022-03-16,14.6,16.2,34.7826086956522,43.4782608695652,6.64251332746752,1034,1506,15,6040,5,30.1897810218978,4.77719600740307,8.02130492676431,11.2781954887218
750,2022-03-17,14.6,16.2,NA,NA,NA,1021,1350,9,6729,5,29.8102189781022,5.32214435990319,7.19041278295606,6.76691729323308
751,2022-03-18,14.6,16.2,NA,NA,NA,998,1209,11,7093,6,29.1386861313869,5.61004160273344,6.43941411451398,8.27067669172932
752,2022-03-19,14.6,16.2,NA,NA,NA,989,946,3,10661,6,28.8759124087591,8.43206732366294,5.03861517976032,2.25563909774436
753,2022-03-20,14.6,16.2,NA,NA,NA,1002,1086,14,3886,6,29.2554744525547,3.07354034516032,5.78428761651132,10.5263157894737
754,2022-03-21,14.6,16.2,NA,NA,NA,1043,1707,5,3879,6,30.4525547445255,3.06800385972128,9.0918774966711,3.7593984962406
755,2022-03-22,14.6,16.2,NA,NA,NA,1034,2276,10,3620,6,30.1897810218978,2.86315389847668,12.1225033288948,7.5187969924812
756,2022-03-23,14.6,16.2,NA,NA,NA,1062,2376,8,5748,6,31.007299270073,4.54624547194584,12.6551264980027,6.01503759398496
757,2022-03-24,14.6,16.2,NA,NA,NA,1048,2200,15,8254,6,30.5985401459854,6.52830725912334,11.7177097203728,11.2781954887218
758,2022-03-25,14.6,16.2,NA,NA,NA,1068,2139,12,8974,6,31.1824817518248,7.0977743328535,11.392809587217,9.02255639097744
759,2022-03-26,14.6,16.2,NA,NA,NA,1088,1636,5,12638,6,31.7664233576642,9.99572899694702,8.71371504660453,3.7593984962406
760,2022-03-27,14.6,16.2,NA,NA,NA,1115,1770,10,4921,6,32.5547445255474,3.89214926364744,9.42743009320905,7.5187969924812
761,2022-03-28,14.6,16.2,NA,NA,NA,1153,2897,9,4407,6,33.6642335766423,3.4856130471234,15.4300932090546,6.76691729323308
762,2022-03-29,14.6,16.2,NA,NA,NA,1200,3142,12,9445,6,35.036496350365,7.47030071025199,16.7350199733688,9.02255639097744
763,2022-03-30,14.6,16.2,NA,NA,NA,1238,3551,7,17528,6,36.1459854014599,13.8633595393644,18.91344873502,5.26315789473684
764,2022-03-31,14.6,16.2,NA,NA,NA,1275,3098,15,21811,6,37.2262773722628,17.2508977015676,16.5006657789614,11.2781954887218
765,2022-04-01,14.6,16.2,NA,NA,NA,1322,3009,8,18498,6,38.5985401459854,14.6305582359176,16.0266311584554,6.01503759398496
766,2022-04-02,14.6,16.2,NA,NA,NA,1350,2392,14,20423,6,39.4160583941606,16.1530917316545,12.7403462050599,10.5263157894737
767,2022-04-03,14.6,16.2,NA,NA,NA,1407,2292,18,8697,6,41.0802919708029,6.87868769476565,12.2077230359521,13.5338345864662
768,2022-04-04,14.6,16.2,NA,NA,NA,1479,3439,23,13644,6,43.1824817518248,10.7914010471867,18.3169107856192,17.2932330827068
769,2022-04-05,14.6,16.2,NA,NA,NA,1540,3770,20,20315,6,44.963503649635,16.0676716705949,20.0798934753662,15.0375939849624
770,2022-04-06,14.6,16.2,NA,NA,NA,1582,3566,13,32982,6,46.1897810218978,26.0863375357894,18.9933422103862,9.77443609022556
771,2022-04-07,14.6,16.2,NA,NA,NA,1637,3599,12,36327,6,47.7956204379562,28.7319866491608,19.1691078561917,9.02255639097744
772,2022-04-08,14.6,16.2,NA,NA,NA,1699,2977,22,33486,6,49.6058394160584,26.4849644874005,15.8561917443409,16.5413533834586
773,2022-04-09,14.6,16.2,NA,NA,NA,1708,2622,19,31754,6,49.8686131386861,25.115079804483,13.965379494008,14.2857142857143
774,2022-04-10,14.6,16.2,NA,NA,NA,1793,2463,19,13709,6,52.3503649635037,10.8428112691206,13.1185086551265,14.2857142857143
775,2022-04-11,14.6,16.2,NA,NA,NA,1938,2930,25,26686,6,56.5839416058394,21.1066643466156,15.6058588548602,18.796992481203
776,2022-04-12,14.6,16.2,NA,NA,NA,2060,3578,15,40561,6,60.1459854014599,32.0807694132907,19.0572569906791,11.2781954887218
777,2022-04-13,14.6,16.2,NA,NA,NA,2154,3469,26,47403,6,62.8905109489051,37.4922884667099,18.4766977363515,19.5488721804511
778,2022-04-14,14.6,16.2,NA,NA,NA,2153,2946,26,47535,6,62.8613138686131,37.5966907635604,15.6910785619174,19.5488721804511
779,2022-04-15,14.6,16.2,NA,NA,NA,2131,2341,28,33924,6,62.2189781021898,26.8313902905864,12.4687083888149,21.0526315789474
780,2022-04-16,14.6,16.2,NA,NA,NA,2159,1809,23,28318,6,63.036496350365,22.397456380404,9.63515312916112,17.2932330827068
781,2022-04-17,14.6,16.2,NA,NA,NA,2220,1632,24,1225,6,64.8175182481752,0.968884951832577,8.69241011984021,18.0451127819549
782,2022-04-18,14.6,16.2,NA,NA,NA,2281,2099,23,14157,6,66.5985401459854,11.1971463372194,11.1797603195739,17.2932330827068
783,2022-04-19,14.6,16.2,NA,NA,NA,2381,2788,28,34626,6,69.5182481751825,27.3866206874733,14.849533954727,21.0526315789474
784,2022-04-20,14.6,16.2,NA,NA,NA,2405,2959,31,44981,6,70.2189781021898,35.5766645048009,15.7603195739015,23.3082706766917
785,2022-04-21,14.6,16.2,NA,NA,NA,2410,2416,22,42533,6,70.3649635036496,33.6404764541184,12.8681757656458,16.5413533834586
786,2022-04-22,14.6,16.2,NA,NA,NA,2371,2133,20,38920,6,69.2262773722628,30.7828590410807,11.3608521970706,15.0375939849624
787,2022-04-23,14.6,16.2,NA,NA,NA,2344,1431,23,29352,6,68.4379562043796,23.2152743723998,7.62183754993342,17.2932330827068
788,2022-04-24,14.6,16.2,NA,NA,NA,2345,1457,21,13337,6,68.4671532846715,10.5485866143601,7.76031957390146,15.7894736842105
789,2022-04-25,14.6,16.2,NA,NA,NA,2409,1986,29,23419,6,70.3357664233577,18.522707499565,10.577896138482,21.8045112781955
790,2022-04-26,14.6,16.2,NA,NA,NA,2372,1962,37,31021,6,69.2554744525548,24.535330686366,10.4500665778961,27.8195488721804
791,2022-04-27,14.6,16.2,NA,NA,NA,2326,1812,31,33822,6,67.9124087591241,26.7507157884746,9.65113182423435,23.3082706766917
792,2022-04-28,14.6,16.2,NA,NA,NA,2290,1770,15,34100,6,66.8613138686131,26.9705933530538,9.42743009320905,11.2781954887218
793,2022-04-29,14.6,16.2,NA,NA,NA,2252,1444,17,30996,6,65.7518248175182,24.5155575240837,7.69107856191744,12.781954887218
794,2022-04-30,14.6,16.2,NA,NA,NA,2182,1046,17,23100,6,63.7080291970803,18.2704019488429,5.57123834886818,12.781954887218
795,2022-05-01,14.6,16.2,NA,NA,NA,2170,921,17,7978,6,63.3576642335766,6.31001154752677,4.90545938748336,12.781954887218
796,2022-05-02,14.6,16.2,NA,NA,NA,2195,1552,18,13937,6,64.0875912408759,11.0231425091352,8.26631158455393,13.5338345864662
797,2022-05-03,14.6,16.2,NA,NA,NA,2176,1596,16,19338,6,63.5328467153285,15.2949364886028,8.50066577896138,12.0300751879699
798,2022-05-04,14.6,16.2,NA,NA,NA,2119,1305,17,22291,6,61.8686131386861,17.6305424173877,6.95073235685752,12.781954887218
799,2022-05-05,14.6,16.2,NA,NA,NA,2051,1251,18,27457,6,59.8832116788321,21.7164686714017,6.66311584553928,13.5338345864662
800,2022-05-06,14.6,16.2,NA,NA,NA,1994,1050,16,25121,6,58.2189781021898,19.8688643877438,5.59254327563249,12.0300751879699
801,2022-05-07,14.6,16.2,NA,NA,NA,1926,736,14,21026,6,56.2335766423358,16.6300204059035,3.92010652463382,10.5263157894737
802,2022-05-08,14.6,16.2,NA,NA,NA,1910,721,22,7731,6,55.7664233576642,6.11465270417767,3.84021304926764,16.5413533834586
803,2022-05-09,14.6,16.2,NA,NA,NA,NA,NA,NA,12575,6,NA,9.94590062799563,NA,NA
804,2022-05-10,14.6,16.2,NA,NA,NA,NA,NA,NA,19716,6,NA,15.5939067023111,NA,NA
805,2022-05-11,14.6,16.2,NA,NA,NA,NA,NA,NA,19307,6,NA,15.2704177673727,NA,NA
806,2022-05-12,14.6,16.2,NA,NA,NA,NA,NA,NA,21440,6,NA,16.9574639732983,NA,NA
807,2022-05-13,14.6,16.2,NA,NA,NA,NA,NA,NA,16863,6,NA,13.3373934226553,NA,NA
808,2022-05-14,0,5.9,NA,NA,NA,NA,NA,NA,15559,6,NA,12.3060252780107,NA,NA
809,2022-05-15,0,5.9,NA,NA,NA,NA,NA,NA,5125,6,NA,4.05349826787098,NA,NA
810,2022-05-16,0,5.9,NA,NA,NA,NA,NA,NA,9531,6,NA,7.53832038850309,NA,NA
